"Message",Low,"已启动生成。"
"Message",Low,"项目“Unnamed_1”(默认目标):"
"Message",Low,"正在使用工具版本“4.0”进行生成。"
"Message",Low,"来自项目“C:\Users\User\documents\visual studio 2017\Projects\MyWP\MyWP\Unnamed_1”的文件“C:\Program Files (x86)\MSBuild\15.0\.Net\.NetNative\15.0.24211\ARM\ilc\IlcInternals.targets”中的目标“PrintILCStartMessage”(目标“Build”依赖于它):"
"Message",Low,"正在使用程序集“C:\Program Files (x86)\MSBuild\15.0\.Net\.NetNative\15.0.24211\ARM\ilc\ilc.exe”中的“IlcMessageTask”任务。"
"Message",Low,"任务“IlcMessageTask”"
"Message",High,"Starting .NET Native compilation"
"Message",Low,"已完成执行任务“IlcMessageTask”的操作。"
"Message",Low,"已完成在项目“Unnamed_1”中生成目标“PrintILCStartMessage”的操作。"
"Message",Low,"来自项目“C:\Users\User\documents\visual studio 2017\Projects\MyWP\MyWP\Unnamed_1”的文件“C:\Program Files (x86)\MSBuild\15.0\.Net\.NetNative\15.0.24211\ARM\ilc\IlcInternals.targets”中的目标“RunGatekeeper”(目标“Build”依赖于它):"
"Message",Low,"正在使用程序集“Microsoft.Build.Tasks.v4.0, Version=4.0.0.0, Culture=neutral, PublicKeyToken=b03f5f7f11d50a3a”中的“WriteLinesToFile”任务。"
"Message",Low,"任务“WriteLinesToFile”"
"Message",Low,"已完成执行任务“WriteLinesToFile”的操作。"
"Message",Low,"正在使用程序集“Microsoft.Build.ILTasks”中的“StartProcessTask”任务。"
"Message",Low,"任务“StartProcessTask”"
"Message",Normal,"Launching 'C:\Program Files (x86)\MSBuild\15.0\.Net\.NetNative\15.0.24211\ARM\ilc\tools\Gatekeeper.exe @""C:\Users\User\documents\visual studio 2017\Projects\MyWP\MyWP\obj\ARM\Release\ilc\intermediate\gkargs.rsp""'"
"Message",Low,"Microsoft (R) .NET Native Gatekeeper Version 1.0.24211.00 "
"Message",Low,"Copyright (C) Microsoft Corporation.  All rights reserved. "
"Message",Low," "
"Message",Low,"Checking assembly 'C:\Users\User\documents\visual studio 2017\Projects\MyWP\MyWP\obj\ARM\Release\ilc\in\MyWP.exe'. "
"Message",Normal,"'C:\Program Files (x86)\MSBuild\15.0\.Net\.NetNative\15.0.24211\ARM\ilc\tools\Gatekeeper.exe @""C:\Users\User\documents\visual studio 2017\Projects\MyWP\MyWP\obj\ARM\Release\ilc\intermediate\gkargs.rsp""' completed."
"Message",Normal,"Process execution statistics (all times in milliseconds)"
"Message",Normal,"-----------------------------------------------------------------------------"
"Message",Normal,"launch  |  start   |   stop   |   end    | duration | lifetime | [slot] name"
"Message",Normal,"-----------------------------------------------------------------------------"
"Message",Normal,"       0 |       31 |      625 |      625 |      594 |      625 | [0] Gatekeeper"
"Message",Normal,"Number of commands:      1"
"Message",Normal,"Total system time:       625 ms"
"Message",Normal,"System time per command: 625 ms"
"Message",Normal,"Total duration:          594 ms"
"Message",Normal,"Total lifetime:          625 ms"
"Message",Normal,"Requested DOP:           4"
"Message",Normal,"Duration DOP:            1.0"
"Message",Normal,"Lifetime DOP:            1.0"
"Message",Low,"已完成执行任务“StartProcessTask”的操作。"
"Message",Low,"已完成在项目“Unnamed_1”中生成目标“RunGatekeeper”的操作。"
"Message",Low,"来自项目“C:\Users\User\documents\visual studio 2017\Projects\MyWP\MyWP\Unnamed_1”的文件“C:\Program Files (x86)\MSBuild\15.0\.Net\.NetNative\15.0.24211\ARM\ilc\IlcInternals.targets”中的目标“LogAppContextSwitches”(目标“SetMainTargetPaths”依赖于它):"
"Message",Low,"正在使用程序集“Microsoft.Build.Tasks.v4.0, Version=4.0.0.0, Culture=neutral, PublicKeyToken=b03f5f7f11d50a3a”中的“Message”任务。"
"Message",Low,"任务“Message”"
"Message",Normal,"AppContextSwitch: ''"
"Message",Low,"已完成执行任务“Message”的操作。"
"Message",Low,"已完成在项目“Unnamed_1”中生成目标“LogAppContextSwitches”的操作。"
"Message",Low,"来自项目“C:\Users\User\documents\visual studio 2017\Projects\MyWP\MyWP\Unnamed_1”的文件“C:\Program Files (x86)\MSBuild\15.0\.Net\.NetNative\15.0.24211\ARM\ilc\IlcInternals.targets”中的目标“SetMainTargetPaths”(目标“CopyNativeExecutablesToOutput”依赖于它):"
"Message",Low,"已完成在项目“Unnamed_1”中生成目标“SetMainTargetPaths”的操作。"
"Message",Low,"由于条件的计算结果为 false，已跳过目标“GenerateFakeExe”；(!Exists('@(InputILTarget)'))的计算结果为(!Exists('C:\Users\User\documents\visual studio 2017\Projects\MyWP\MyWP\obj\ARM\Release\ilc\in\MyWP.exe'))。"
"Message",Low,"由于条件的计算结果为 false，已跳过目标“InjectCoreLibTypeForwards”；('$(UseSharedAssemblies)' != 'true')的计算结果为('true' != 'true')。"
"Message",Low,"来自项目“C:\Users\User\documents\visual studio 2017\Projects\MyWP\MyWP\Unnamed_1”的文件“C:\Program Files (x86)\MSBuild\15.0\.Net\.NetNative\15.0.24211\ARM\ilc\IlcInternals.targets”中的目标“InjectWindowsRuntimeTypeForwards”(目标“RunILTransforms”依赖于它):"
"Message",Low,"正在使用程序集“Microsoft.Build.Tasks.v4.0, Version=4.0.0.0, Culture=neutral, PublicKeyToken=b03f5f7f11d50a3a”中的“MakeDir”任务。"
"Message",Low,"任务“MakeDir”"
"Message",Normal,"正在创建目录“C:\Users\User\documents\visual studio 2017\Projects\MyWP\MyWP\obj\ARM\Release\ilc\intermediate\TransformedSRWR\”。"
"Message",Low,"已完成执行任务“MakeDir”的操作。"
"Message",Low,"正在使用程序集“Microsoft.Build.ILTasks”中的“ILTransformTask”任务。"
"Message",Low,"任务“ILTransformTask”"
"Message",Normal,"Running 'InjectWindowsRuntimeTypeForwards' transform, heap at 8 MB."
"Message",Normal,"Running 'WriteAssemblies' transform, heap at 14 MB."
"Message",Normal,""
"Message",Normal,"Transform summary"
"Message",Normal,"    ms | heap delta | name"
"Message",Normal,"   210 |          6 | InjectWindowsRuntimeTypeForwards"
"Message",Normal,"   168 |          2 | WriteAssemblies"
"Message",Low,"已完成执行任务“ILTransformTask”的操作。"
"Message",Low,"已完成在项目“Unnamed_1”中生成目标“InjectWindowsRuntimeTypeForwards”的操作。"
"Message",Low,"由于条件的计算结果为 false，已跳过目标“InjectCoreLibTypeForwards”；('$(UseSharedAssemblies)' != 'true')的计算结果为('true' != 'true')。"
"Message",Low,"来自项目“C:\Users\User\documents\visual studio 2017\Projects\MyWP\MyWP\Unnamed_1”的文件“C:\Program Files (x86)\MSBuild\15.0\.Net\.NetNative\15.0.24211\ARM\ilc\IlcInternals.targets”中的目标“PreResolveTransforms”(目标“RunILTransforms”依赖于它):"
"Message",Low,"正在完全生成目标“PreResolveTransforms”。"
"Message",Low,"输出文件“C:\Users\User\documents\visual studio 2017\Projects\MyWP\MyWP\obj\ARM\Release\ilc\intermediate\PreMergeILTransformed\MyWP.exe”不存在。"
"Message",Low,"任务“MakeDir”"
"Message",Normal,"正在创建目录“C:\Users\User\documents\visual studio 2017\Projects\MyWP\MyWP\obj\ARM\Release\ilc\intermediate\PreMergeILTransformed\”。"
"Message",Low,"已完成执行任务“MakeDir”的操作。"
"Message",Low,"任务“Message”"
"Message",Normal,"Running AssemblyClosureTask in PreResolveTransforms"
"Message",Low,"已完成执行任务“Message”的操作。"
"Message",Low,"正在使用程序集“Microsoft.Build.ILTasks”中的“AssemblyClosureTask”任务。"
"Message",Low,"任务“AssemblyClosureTask”"
"Message",Low,"已完成执行任务“AssemblyClosureTask”的操作。"
"Message",Low,"由于 false 条件，已跳过任务“ILTransformTask”；('@(PreResolveTransforms)' != '')计算为('' != '')。"
"Message",Low,"正在使用程序集“Microsoft.Build.Tasks.v4.0, Version=4.0.0.0, Culture=neutral, PublicKeyToken=b03f5f7f11d50a3a”中的“Copy”任务。"
"Message",Low,"任务“Copy”"
"Message",Normal,"正在将文件从“C:\Users\User\documents\visual studio 2017\Projects\MyWP\MyWP\obj\ARM\Release\ilc\in\MyWP.pdb”复制到“C:\Users\User\documents\visual studio 2017\Projects\MyWP\MyWP\obj\ARM\Release\ilc\intermediate\PreMergeILTransformed\MyWP.pdb”。"
"Message",Low,"已完成执行任务“Copy”的操作。"
"Message",Low,"任务“Copy”"
"Message",Normal,"正在将文件从“C:\Users\User\documents\visual studio 2017\Projects\MyWP\MyWP\obj\ARM\Release\ilc\in\MyWP.exe”复制到“C:\Users\User\documents\visual studio 2017\Projects\MyWP\MyWP\obj\ARM\Release\ilc\intermediate\PreMergeILTransformed\MyWP.exe”。"
"Message",Low,"已完成执行任务“Copy”的操作。"
"Message",Low,"由于 false 条件，已跳过任务“Copy”；('$(HasMcgPatchDlls)'=='true')计算为(''=='true')。"
"Message",Low,"已完成在项目“Unnamed_1”中生成目标“PreResolveTransforms”的操作。"
"Message",Low,"来自项目“C:\Users\User\documents\visual studio 2017\Projects\MyWP\MyWP\Unnamed_1”的文件“C:\Program Files (x86)\MSBuild\15.0\.Net\.NetNative\15.0.24211\ARM\ilc\IlcInternals.targets”中的目标“InitInputResourceName”(目标“RunILTransforms”依赖于它):"
"Message",Low,"由于 false 条件，已跳过任务“ResolveFilePathTask”；('$(InputPath)' != '' and Exists('$(InputPath)\obj\'))计算为('C:\Users\User\documents\visual studio 2017\Projects\MyWP\MyWP\obj\ARM\Release\ilc\in' != '' and Exists('C:\Users\User\documents\visual studio 2017\Projects\MyWP\MyWP\obj\ARM\Release\ilc\in\obj\'))。"
"Message",Low,"正在使用程序集“Microsoft.Build.ILTasks”中的“ResolveFilePathTask”任务。"
"Message",Low,"任务“ResolveFilePathTask”"
"Message",Low,"已完成执行任务“ResolveFilePathTask”的操作。"
"Message",Low,"已完成在项目“Unnamed_1”中生成目标“InitInputResourceName”的操作。"
"Message",Low,"已跳过目标“PreResolveTransforms”。以前的生成已成功。"
"Message",Low,"来自项目“C:\Users\User\documents\visual studio 2017\Projects\MyWP\MyWP\Unnamed_1”的文件“C:\Program Files (x86)\MSBuild\15.0\.Net\.NetNative\15.0.24211\ARM\ilc\IlcInternals.targets”中的目标“SetForSharedInputs”(目标“ResolveInitialReferences”依赖于它):"
"Message",Low,"正在完全生成目标“SetForSharedInputs”。"
"Message",Low,"未指定输入文件。"
"Message",Low,"由于 false 条件，已跳过任务“IlcErrorTask”；(!Exists('$(InputSharedAssemblyListPath)'))计算为(!Exists('C:\Program Files (x86)\Microsoft SDKs\Windows Kits\10\ExtensionSDKs\Microsoft.NET.Native.Framework.1.3\1.3\ARM\ret\SharedAssemblyList.txt'))。"
"Message",Low,"正在使用程序集“Microsoft.Build.Tasks.v4.0, Version=4.0.0.0, Culture=neutral, PublicKeyToken=b03f5f7f11d50a3a”中的“ReadLinesFromFile”任务。"
"Message",Low,"任务“ReadLinesFromFile”"
"Message",Low,"已完成执行任务“ReadLinesFromFile”的操作。"
"Message",Low,"由于 false 条件，已跳过任务“IlcErrorTask”；(!Exists('$(InputSharedAssemblyPath)\%(SharedLibraryContent.Identity)'))计算为(!Exists('C:\Program Files (x86)\Microsoft SDKs\Windows Kits\10\ExtensionSDKs\Microsoft.NET.Native.Framework.1.3\1.3\ARM\ret\SharedAssemblyILMergeInfo.csv'))。"
"Message",Low,"由于 false 条件，已跳过任务“IlcErrorTask”；(!Exists('$(InputSharedAssemblyPath)\%(SharedLibraryContent.Identity)'))计算为(!Exists('C:\Program Files (x86)\Microsoft SDKs\Windows Kits\10\ExtensionSDKs\Microsoft.NET.Native.Framework.1.3\1.3\ARM\ret\SharedLibrary.iltransformtoc.ildll'))。"
"Message",Low,"由于 false 条件，已跳过任务“IlcErrorTask”；(!Exists('$(InputSharedAssemblyPath)\%(SharedLibraryContent.Identity)'))计算为(!Exists('C:\Program Files (x86)\Microsoft SDKs\Windows Kits\10\ExtensionSDKs\Microsoft.NET.Native.Framework.1.3\1.3\ARM\ret\AnalysisILToc\System.Collections.iltoc'))。"
"Message",Low,"由于 false 条件，已跳过任务“IlcErrorTask”；(!Exists('$(InputSharedAssemblyPath)\%(SharedLibraryContent.Identity)'))计算为(!Exists('C:\Program Files (x86)\Microsoft SDKs\Windows Kits\10\ExtensionSDKs\Microsoft.NET.Native.Framework.1.3\1.3\ARM\ret\AnalysisILToc\System.Collections.Concurrent.iltoc'))。"
"Message",Low,"由于 false 条件，已跳过任务“IlcErrorTask”；(!Exists('$(InputSharedAssemblyPath)\%(SharedLibraryContent.Identity)'))计算为(!Exists('C:\Program Files (x86)\Microsoft SDKs\Windows Kits\10\ExtensionSDKs\Microsoft.NET.Native.Framework.1.3\1.3\ARM\ret\AnalysisILToc\System.Diagnostics.Tracing.iltoc'))。"
"Message",Low,"由于 false 条件，已跳过任务“IlcErrorTask”；(!Exists('$(InputSharedAssemblyPath)\%(SharedLibraryContent.Identity)'))计算为(!Exists('C:\Program Files (x86)\Microsoft SDKs\Windows Kits\10\ExtensionSDKs\Microsoft.NET.Native.Framework.1.3\1.3\ARM\ret\AnalysisILToc\System.Dynamic.Runtime.iltoc'))。"
"Message",Low,"由于 false 条件，已跳过任务“IlcErrorTask”；(!Exists('$(InputSharedAssemblyPath)\%(SharedLibraryContent.Identity)'))计算为(!Exists('C:\Program Files (x86)\Microsoft SDKs\Windows Kits\10\ExtensionSDKs\Microsoft.NET.Native.Framework.1.3\1.3\ARM\ret\AnalysisILToc\System.IO.iltoc'))。"
"Message",Low,"由于 false 条件，已跳过任务“IlcErrorTask”；(!Exists('$(InputSharedAssemblyPath)\%(SharedLibraryContent.Identity)'))计算为(!Exists('C:\Program Files (x86)\Microsoft SDKs\Windows Kits\10\ExtensionSDKs\Microsoft.NET.Native.Framework.1.3\1.3\ARM\ret\AnalysisILToc\System.Linq.iltoc'))。"
"Message",Low,"由于 false 条件，已跳过任务“IlcErrorTask”；(!Exists('$(InputSharedAssemblyPath)\%(SharedLibraryContent.Identity)'))计算为(!Exists('C:\Program Files (x86)\Microsoft SDKs\Windows Kits\10\ExtensionSDKs\Microsoft.NET.Native.Framework.1.3\1.3\ARM\ret\AnalysisILToc\System.Linq.Expressions.iltoc'))。"
"Message",Low,"由于 false 条件，已跳过任务“IlcErrorTask”；(!Exists('$(InputSharedAssemblyPath)\%(SharedLibraryContent.Identity)'))计算为(!Exists('C:\Program Files (x86)\Microsoft SDKs\Windows Kits\10\ExtensionSDKs\Microsoft.NET.Native.Framework.1.3\1.3\ARM\ret\AnalysisILToc\System.ObjectModel.iltoc'))。"
"Message",Low,"由于 false 条件，已跳过任务“IlcErrorTask”；(!Exists('$(InputSharedAssemblyPath)\%(SharedLibraryContent.Identity)'))计算为(!Exists('C:\Program Files (x86)\Microsoft SDKs\Windows Kits\10\ExtensionSDKs\Microsoft.NET.Native.Framework.1.3\1.3\ARM\ret\AnalysisILToc\System.Private.CoreLib.iltoc'))。"
"Message",Low,"由于 false 条件，已跳过任务“IlcErrorTask”；(!Exists('$(InputSharedAssemblyPath)\%(SharedLibraryContent.Identity)'))计算为(!Exists('C:\Program Files (x86)\Microsoft SDKs\Windows Kits\10\ExtensionSDKs\Microsoft.NET.Native.Framework.1.3\1.3\ARM\ret\AnalysisILToc\System.Private.Interop.iltoc'))。"
"Message",Low,"由于 false 条件，已跳过任务“IlcErrorTask”；(!Exists('$(InputSharedAssemblyPath)\%(SharedLibraryContent.Identity)'))计算为(!Exists('C:\Program Files (x86)\Microsoft SDKs\Windows Kits\10\ExtensionSDKs\Microsoft.NET.Native.Framework.1.3\1.3\ARM\ret\AnalysisILToc\System.Private.Reflection.iltoc'))。"
"Message",Low,"由于 false 条件，已跳过任务“IlcErrorTask”；(!Exists('$(InputSharedAssemblyPath)\%(SharedLibraryContent.Identity)'))计算为(!Exists('C:\Program Files (x86)\Microsoft SDKs\Windows Kits\10\ExtensionSDKs\Microsoft.NET.Native.Framework.1.3\1.3\ARM\ret\AnalysisILToc\System.Private.Reflection.Core.iltoc'))。"
"Message",Low,"由于 false 条件，已跳过任务“IlcErrorTask”；(!Exists('$(InputSharedAssemblyPath)\%(SharedLibraryContent.Identity)'))计算为(!Exists('C:\Program Files (x86)\Microsoft SDKs\Windows Kits\10\ExtensionSDKs\Microsoft.NET.Native.Framework.1.3\1.3\ARM\ret\AnalysisILToc\System.Private.Reflection.Execution.iltoc'))。"
"Message",Low,"由于 false 条件，已跳过任务“IlcErrorTask”；(!Exists('$(InputSharedAssemblyPath)\%(SharedLibraryContent.Identity)'))计算为(!Exists('C:\Program Files (x86)\Microsoft SDKs\Windows Kits\10\ExtensionSDKs\Microsoft.NET.Native.Framework.1.3\1.3\ARM\ret\AnalysisILToc\System.Private.Reflection.Metadata.iltoc'))。"
"Message",Low,"由于 false 条件，已跳过任务“IlcErrorTask”；(!Exists('$(InputSharedAssemblyPath)\%(SharedLibraryContent.Identity)'))计算为(!Exists('C:\Program Files (x86)\Microsoft SDKs\Windows Kits\10\ExtensionSDKs\Microsoft.NET.Native.Framework.1.3\1.3\ARM\ret\AnalysisILToc\System.Private.Threading.iltoc'))。"
"Message",Low,"由于 false 条件，已跳过任务“IlcErrorTask”；(!Exists('$(InputSharedAssemblyPath)\%(SharedLibraryContent.Identity)'))计算为(!Exists('C:\Program Files (x86)\Microsoft SDKs\Windows Kits\10\ExtensionSDKs\Microsoft.NET.Native.Framework.1.3\1.3\ARM\ret\AnalysisILToc\System.Private.TypeLoader.iltoc'))。"
"Message",Low,"由于 false 条件，已跳过任务“IlcErrorTask”；(!Exists('$(InputSharedAssemblyPath)\%(SharedLibraryContent.Identity)'))计算为(!Exists('C:\Program Files (x86)\Microsoft SDKs\Windows Kits\10\ExtensionSDKs\Microsoft.NET.Native.Framework.1.3\1.3\ARM\ret\AnalysisILToc\System.Private.Uri.iltoc'))。"
"Message",Low,"由于 false 条件，已跳过任务“IlcErrorTask”；(!Exists('$(InputSharedAssemblyPath)\%(SharedLibraryContent.Identity)'))计算为(!Exists('C:\Program Files (x86)\Microsoft SDKs\Windows Kits\10\ExtensionSDKs\Microsoft.NET.Native.Framework.1.3\1.3\ARM\ret\AnalysisILToc\System.Reflection.Extensions.iltoc'))。"
"Message",Low,"由于 false 条件，已跳过任务“IlcErrorTask”；(!Exists('$(InputSharedAssemblyPath)\%(SharedLibraryContent.Identity)'))计算为(!Exists('C:\Program Files (x86)\Microsoft SDKs\Windows Kits\10\ExtensionSDKs\Microsoft.NET.Native.Framework.1.3\1.3\ARM\ret\AnalysisILToc\System.Reflection.Primitives.iltoc'))。"
"Message",Low,"由于 false 条件，已跳过任务“IlcErrorTask”；(!Exists('$(InputSharedAssemblyPath)\%(SharedLibraryContent.Identity)'))计算为(!Exists('C:\Program Files (x86)\Microsoft SDKs\Windows Kits\10\ExtensionSDKs\Microsoft.NET.Native.Framework.1.3\1.3\ARM\ret\AnalysisILToc\System.Reflection.TypeExtensions.iltoc'))。"
"Message",Low,"由于 false 条件，已跳过任务“IlcErrorTask”；(!Exists('$(InputSharedAssemblyPath)\%(SharedLibraryContent.Identity)'))计算为(!Exists('C:\Program Files (x86)\Microsoft SDKs\Windows Kits\10\ExtensionSDKs\Microsoft.NET.Native.Framework.1.3\1.3\ARM\ret\AnalysisILToc\System.Resources.ResourceManager.iltoc'))。"
"Message",Low,"由于 false 条件，已跳过任务“IlcErrorTask”；(!Exists('$(InputSharedAssemblyPath)\%(SharedLibraryContent.Identity)'))计算为(!Exists('C:\Program Files (x86)\Microsoft SDKs\Windows Kits\10\ExtensionSDKs\Microsoft.NET.Native.Framework.1.3\1.3\ARM\ret\AnalysisILToc\System.Runtime.Extensions.iltoc'))。"
"Message",Low,"由于 false 条件，已跳过任务“IlcErrorTask”；(!Exists('$(InputSharedAssemblyPath)\%(SharedLibraryContent.Identity)'))计算为(!Exists('C:\Program Files (x86)\Microsoft SDKs\Windows Kits\10\ExtensionSDKs\Microsoft.NET.Native.Framework.1.3\1.3\ARM\ret\AnalysisILToc\System.Runtime.Implementation.iltoc'))。"
"Message",Low,"由于 false 条件，已跳过任务“IlcErrorTask”；(!Exists('$(InputSharedAssemblyPath)\%(SharedLibraryContent.Identity)'))计算为(!Exists('C:\Program Files (x86)\Microsoft SDKs\Windows Kits\10\ExtensionSDKs\Microsoft.NET.Native.Framework.1.3\1.3\ARM\ret\AnalysisILToc\System.Text.RegularExpressions.iltoc'))。"
"Message",Low,"由于 false 条件，已跳过任务“IlcErrorTask”；(!Exists('$(InputSharedAssemblyPath)\%(SharedLibraryContent.Identity)'))计算为(!Exists('C:\Program Files (x86)\Microsoft SDKs\Windows Kits\10\ExtensionSDKs\Microsoft.NET.Native.Framework.1.3\1.3\ARM\ret\AnalysisILToc\System.Private.SharedLibrary.Interop.Generated.iltoc'))。"
"Message",Low,"由于 false 条件，已跳过任务“IlcErrorTask”；(!Exists('$(InputSharedAssemblyPath)\%(SharedLibraryContent.Identity)'))计算为(!Exists('C:\Program Files (x86)\Microsoft SDKs\Windows Kits\10\ExtensionSDKs\Microsoft.NET.Native.Framework.1.3\1.3\ARM\ret\AnalysisILToc\System.Collections.iltocpdb'))。"
"Message",Low,"由于 false 条件，已跳过任务“IlcErrorTask”；(!Exists('$(InputSharedAssemblyPath)\%(SharedLibraryContent.Identity)'))计算为(!Exists('C:\Program Files (x86)\Microsoft SDKs\Windows Kits\10\ExtensionSDKs\Microsoft.NET.Native.Framework.1.3\1.3\ARM\ret\AnalysisILToc\System.Collections.Concurrent.iltocpdb'))。"
"Message",Low,"由于 false 条件，已跳过任务“IlcErrorTask”；(!Exists('$(InputSharedAssemblyPath)\%(SharedLibraryContent.Identity)'))计算为(!Exists('C:\Program Files (x86)\Microsoft SDKs\Windows Kits\10\ExtensionSDKs\Microsoft.NET.Native.Framework.1.3\1.3\ARM\ret\AnalysisILToc\System.Diagnostics.Tracing.iltocpdb'))。"
"Message",Low,"由于 false 条件，已跳过任务“IlcErrorTask”；(!Exists('$(InputSharedAssemblyPath)\%(SharedLibraryContent.Identity)'))计算为(!Exists('C:\Program Files (x86)\Microsoft SDKs\Windows Kits\10\ExtensionSDKs\Microsoft.NET.Native.Framework.1.3\1.3\ARM\ret\AnalysisILToc\System.Dynamic.Runtime.iltocpdb'))。"
"Message",Low,"由于 false 条件，已跳过任务“IlcErrorTask”；(!Exists('$(InputSharedAssemblyPath)\%(SharedLibraryContent.Identity)'))计算为(!Exists('C:\Program Files (x86)\Microsoft SDKs\Windows Kits\10\ExtensionSDKs\Microsoft.NET.Native.Framework.1.3\1.3\ARM\ret\AnalysisILToc\System.IO.iltocpdb'))。"
"Message",Low,"由于 false 条件，已跳过任务“IlcErrorTask”；(!Exists('$(InputSharedAssemblyPath)\%(SharedLibraryContent.Identity)'))计算为(!Exists('C:\Program Files (x86)\Microsoft SDKs\Windows Kits\10\ExtensionSDKs\Microsoft.NET.Native.Framework.1.3\1.3\ARM\ret\AnalysisILToc\System.Linq.iltocpdb'))。"
"Message",Low,"由于 false 条件，已跳过任务“IlcErrorTask”；(!Exists('$(InputSharedAssemblyPath)\%(SharedLibraryContent.Identity)'))计算为(!Exists('C:\Program Files (x86)\Microsoft SDKs\Windows Kits\10\ExtensionSDKs\Microsoft.NET.Native.Framework.1.3\1.3\ARM\ret\AnalysisILToc\System.Linq.Expressions.iltocpdb'))。"
"Message",Low,"由于 false 条件，已跳过任务“IlcErrorTask”；(!Exists('$(InputSharedAssemblyPath)\%(SharedLibraryContent.Identity)'))计算为(!Exists('C:\Program Files (x86)\Microsoft SDKs\Windows Kits\10\ExtensionSDKs\Microsoft.NET.Native.Framework.1.3\1.3\ARM\ret\AnalysisILToc\System.ObjectModel.iltocpdb'))。"
"Message",Low,"由于 false 条件，已跳过任务“IlcErrorTask”；(!Exists('$(InputSharedAssemblyPath)\%(SharedLibraryContent.Identity)'))计算为(!Exists('C:\Program Files (x86)\Microsoft SDKs\Windows Kits\10\ExtensionSDKs\Microsoft.NET.Native.Framework.1.3\1.3\ARM\ret\AnalysisILToc\System.Private.CoreLib.iltocpdb'))。"
"Message",Low,"由于 false 条件，已跳过任务“IlcErrorTask”；(!Exists('$(InputSharedAssemblyPath)\%(SharedLibraryContent.Identity)'))计算为(!Exists('C:\Program Files (x86)\Microsoft SDKs\Windows Kits\10\ExtensionSDKs\Microsoft.NET.Native.Framework.1.3\1.3\ARM\ret\AnalysisILToc\System.Private.Interop.iltocpdb'))。"
"Message",Low,"由于 false 条件，已跳过任务“IlcErrorTask”；(!Exists('$(InputSharedAssemblyPath)\%(SharedLibraryContent.Identity)'))计算为(!Exists('C:\Program Files (x86)\Microsoft SDKs\Windows Kits\10\ExtensionSDKs\Microsoft.NET.Native.Framework.1.3\1.3\ARM\ret\AnalysisILToc\System.Private.Reflection.iltocpdb'))。"
"Message",Low,"由于 false 条件，已跳过任务“IlcErrorTask”；(!Exists('$(InputSharedAssemblyPath)\%(SharedLibraryContent.Identity)'))计算为(!Exists('C:\Program Files (x86)\Microsoft SDKs\Windows Kits\10\ExtensionSDKs\Microsoft.NET.Native.Framework.1.3\1.3\ARM\ret\AnalysisILToc\System.Private.Reflection.Core.iltocpdb'))。"
"Message",Low,"由于 false 条件，已跳过任务“IlcErrorTask”；(!Exists('$(InputSharedAssemblyPath)\%(SharedLibraryContent.Identity)'))计算为(!Exists('C:\Program Files (x86)\Microsoft SDKs\Windows Kits\10\ExtensionSDKs\Microsoft.NET.Native.Framework.1.3\1.3\ARM\ret\AnalysisILToc\System.Private.Reflection.Execution.iltocpdb'))。"
"Message",Low,"由于 false 条件，已跳过任务“IlcErrorTask”；(!Exists('$(InputSharedAssemblyPath)\%(SharedLibraryContent.Identity)'))计算为(!Exists('C:\Program Files (x86)\Microsoft SDKs\Windows Kits\10\ExtensionSDKs\Microsoft.NET.Native.Framework.1.3\1.3\ARM\ret\AnalysisILToc\System.Private.Reflection.Metadata.iltocpdb'))。"
"Message",Low,"由于 false 条件，已跳过任务“IlcErrorTask”；(!Exists('$(InputSharedAssemblyPath)\%(SharedLibraryContent.Identity)'))计算为(!Exists('C:\Program Files (x86)\Microsoft SDKs\Windows Kits\10\ExtensionSDKs\Microsoft.NET.Native.Framework.1.3\1.3\ARM\ret\AnalysisILToc\System.Private.Threading.iltocpdb'))。"
"Message",Low,"由于 false 条件，已跳过任务“IlcErrorTask”；(!Exists('$(InputSharedAssemblyPath)\%(SharedLibraryContent.Identity)'))计算为(!Exists('C:\Program Files (x86)\Microsoft SDKs\Windows Kits\10\ExtensionSDKs\Microsoft.NET.Native.Framework.1.3\1.3\ARM\ret\AnalysisILToc\System.Private.TypeLoader.iltocpdb'))。"
"Message",Low,"由于 false 条件，已跳过任务“IlcErrorTask”；(!Exists('$(InputSharedAssemblyPath)\%(SharedLibraryContent.Identity)'))计算为(!Exists('C:\Program Files (x86)\Microsoft SDKs\Windows Kits\10\ExtensionSDKs\Microsoft.NET.Native.Framework.1.3\1.3\ARM\ret\AnalysisILToc\System.Private.Uri.iltocpdb'))。"
"Message",Low,"由于 false 条件，已跳过任务“IlcErrorTask”；(!Exists('$(InputSharedAssemblyPath)\%(SharedLibraryContent.Identity)'))计算为(!Exists('C:\Program Files (x86)\Microsoft SDKs\Windows Kits\10\ExtensionSDKs\Microsoft.NET.Native.Framework.1.3\1.3\ARM\ret\AnalysisILToc\System.Reflection.Extensions.iltocpdb'))。"
"Message",Low,"由于 false 条件，已跳过任务“IlcErrorTask”；(!Exists('$(InputSharedAssemblyPath)\%(SharedLibraryContent.Identity)'))计算为(!Exists('C:\Program Files (x86)\Microsoft SDKs\Windows Kits\10\ExtensionSDKs\Microsoft.NET.Native.Framework.1.3\1.3\ARM\ret\AnalysisILToc\System.Reflection.Primitives.iltocpdb'))。"
"Message",Low,"由于 false 条件，已跳过任务“IlcErrorTask”；(!Exists('$(InputSharedAssemblyPath)\%(SharedLibraryContent.Identity)'))计算为(!Exists('C:\Program Files (x86)\Microsoft SDKs\Windows Kits\10\ExtensionSDKs\Microsoft.NET.Native.Framework.1.3\1.3\ARM\ret\AnalysisILToc\System.Reflection.TypeExtensions.iltocpdb'))。"
"Message",Low,"由于 false 条件，已跳过任务“IlcErrorTask”；(!Exists('$(InputSharedAssemblyPath)\%(SharedLibraryContent.Identity)'))计算为(!Exists('C:\Program Files (x86)\Microsoft SDKs\Windows Kits\10\ExtensionSDKs\Microsoft.NET.Native.Framework.1.3\1.3\ARM\ret\AnalysisILToc\System.Resources.ResourceManager.iltocpdb'))。"
"Message",Low,"由于 false 条件，已跳过任务“IlcErrorTask”；(!Exists('$(InputSharedAssemblyPath)\%(SharedLibraryContent.Identity)'))计算为(!Exists('C:\Program Files (x86)\Microsoft SDKs\Windows Kits\10\ExtensionSDKs\Microsoft.NET.Native.Framework.1.3\1.3\ARM\ret\AnalysisILToc\System.Runtime.Extensions.iltocpdb'))。"
"Message",Low,"由于 false 条件，已跳过任务“IlcErrorTask”；(!Exists('$(InputSharedAssemblyPath)\%(SharedLibraryContent.Identity)'))计算为(!Exists('C:\Program Files (x86)\Microsoft SDKs\Windows Kits\10\ExtensionSDKs\Microsoft.NET.Native.Framework.1.3\1.3\ARM\ret\AnalysisILToc\System.Runtime.Implementation.iltocpdb'))。"
"Message",Low,"由于 false 条件，已跳过任务“IlcErrorTask”；(!Exists('$(InputSharedAssemblyPath)\%(SharedLibraryContent.Identity)'))计算为(!Exists('C:\Program Files (x86)\Microsoft SDKs\Windows Kits\10\ExtensionSDKs\Microsoft.NET.Native.Framework.1.3\1.3\ARM\ret\AnalysisILToc\System.Text.RegularExpressions.iltocpdb'))。"
"Message",Low,"由于 false 条件，已跳过任务“IlcErrorTask”；(!Exists('$(InputSharedAssemblyPath)\%(SharedLibraryContent.Identity)'))计算为(!Exists('C:\Program Files (x86)\Microsoft SDKs\Windows Kits\10\ExtensionSDKs\Microsoft.NET.Native.Framework.1.3\1.3\ARM\ret\AnalysisILToc\System.Private.SharedLibrary.Interop.Generated.iltocpdb'))。"
"Message",Low,"由于 false 条件，已跳过任务“IlcErrorTask”；(!Exists('$(InputSharedAssemblyPath)\%(SharedLibraryContent.Identity)'))计算为(!Exists('C:\Program Files (x86)\Microsoft SDKs\Windows Kits\10\ExtensionSDKs\Microsoft.NET.Native.Framework.1.3\1.3\ARM\ret\ILToc\System.Collections.iltoc'))。"
"Message",Low,"由于 false 条件，已跳过任务“IlcErrorTask”；(!Exists('$(InputSharedAssemblyPath)\%(SharedLibraryContent.Identity)'))计算为(!Exists('C:\Program Files (x86)\Microsoft SDKs\Windows Kits\10\ExtensionSDKs\Microsoft.NET.Native.Framework.1.3\1.3\ARM\ret\ILToc\System.Collections.Concurrent.iltoc'))。"
"Message",Low,"由于 false 条件，已跳过任务“IlcErrorTask”；(!Exists('$(InputSharedAssemblyPath)\%(SharedLibraryContent.Identity)'))计算为(!Exists('C:\Program Files (x86)\Microsoft SDKs\Windows Kits\10\ExtensionSDKs\Microsoft.NET.Native.Framework.1.3\1.3\ARM\ret\ILToc\System.Diagnostics.Tracing.iltoc'))。"
"Message",Low,"由于 false 条件，已跳过任务“IlcErrorTask”；(!Exists('$(InputSharedAssemblyPath)\%(SharedLibraryContent.Identity)'))计算为(!Exists('C:\Program Files (x86)\Microsoft SDKs\Windows Kits\10\ExtensionSDKs\Microsoft.NET.Native.Framework.1.3\1.3\ARM\ret\ILToc\System.Dynamic.Runtime.iltoc'))。"
"Message",Low,"由于 false 条件，已跳过任务“IlcErrorTask”；(!Exists('$(InputSharedAssemblyPath)\%(SharedLibraryContent.Identity)'))计算为(!Exists('C:\Program Files (x86)\Microsoft SDKs\Windows Kits\10\ExtensionSDKs\Microsoft.NET.Native.Framework.1.3\1.3\ARM\ret\ILToc\System.IO.iltoc'))。"
"Message",Low,"由于 false 条件，已跳过任务“IlcErrorTask”；(!Exists('$(InputSharedAssemblyPath)\%(SharedLibraryContent.Identity)'))计算为(!Exists('C:\Program Files (x86)\Microsoft SDKs\Windows Kits\10\ExtensionSDKs\Microsoft.NET.Native.Framework.1.3\1.3\ARM\ret\ILToc\System.Linq.iltoc'))。"
"Message",Low,"由于 false 条件，已跳过任务“IlcErrorTask”；(!Exists('$(InputSharedAssemblyPath)\%(SharedLibraryContent.Identity)'))计算为(!Exists('C:\Program Files (x86)\Microsoft SDKs\Windows Kits\10\ExtensionSDKs\Microsoft.NET.Native.Framework.1.3\1.3\ARM\ret\ILToc\System.Linq.Expressions.iltoc'))。"
"Message",Low,"由于 false 条件，已跳过任务“IlcErrorTask”；(!Exists('$(InputSharedAssemblyPath)\%(SharedLibraryContent.Identity)'))计算为(!Exists('C:\Program Files (x86)\Microsoft SDKs\Windows Kits\10\ExtensionSDKs\Microsoft.NET.Native.Framework.1.3\1.3\ARM\ret\ILToc\System.ObjectModel.iltoc'))。"
"Message",Low,"由于 false 条件，已跳过任务“IlcErrorTask”；(!Exists('$(InputSharedAssemblyPath)\%(SharedLibraryContent.Identity)'))计算为(!Exists('C:\Program Files (x86)\Microsoft SDKs\Windows Kits\10\ExtensionSDKs\Microsoft.NET.Native.Framework.1.3\1.3\ARM\ret\ILToc\System.Private.CoreLib.iltoc'))。"
"Message",Low,"由于 false 条件，已跳过任务“IlcErrorTask”；(!Exists('$(InputSharedAssemblyPath)\%(SharedLibraryContent.Identity)'))计算为(!Exists('C:\Program Files (x86)\Microsoft SDKs\Windows Kits\10\ExtensionSDKs\Microsoft.NET.Native.Framework.1.3\1.3\ARM\ret\ILToc\System.Private.Interop.iltoc'))。"
"Message",Low,"由于 false 条件，已跳过任务“IlcErrorTask”；(!Exists('$(InputSharedAssemblyPath)\%(SharedLibraryContent.Identity)'))计算为(!Exists('C:\Program Files (x86)\Microsoft SDKs\Windows Kits\10\ExtensionSDKs\Microsoft.NET.Native.Framework.1.3\1.3\ARM\ret\ILToc\System.Private.Reflection.iltoc'))。"
"Message",Low,"由于 false 条件，已跳过任务“IlcErrorTask”；(!Exists('$(InputSharedAssemblyPath)\%(SharedLibraryContent.Identity)'))计算为(!Exists('C:\Program Files (x86)\Microsoft SDKs\Windows Kits\10\ExtensionSDKs\Microsoft.NET.Native.Framework.1.3\1.3\ARM\ret\ILToc\System.Private.Reflection.Core.iltoc'))。"
"Message",Low,"由于 false 条件，已跳过任务“IlcErrorTask”；(!Exists('$(InputSharedAssemblyPath)\%(SharedLibraryContent.Identity)'))计算为(!Exists('C:\Program Files (x86)\Microsoft SDKs\Windows Kits\10\ExtensionSDKs\Microsoft.NET.Native.Framework.1.3\1.3\ARM\ret\ILToc\System.Private.Reflection.Execution.iltoc'))。"
"Message",Low,"由于 false 条件，已跳过任务“IlcErrorTask”；(!Exists('$(InputSharedAssemblyPath)\%(SharedLibraryContent.Identity)'))计算为(!Exists('C:\Program Files (x86)\Microsoft SDKs\Windows Kits\10\ExtensionSDKs\Microsoft.NET.Native.Framework.1.3\1.3\ARM\ret\ILToc\System.Private.Reflection.Metadata.iltoc'))。"
"Message",Low,"由于 false 条件，已跳过任务“IlcErrorTask”；(!Exists('$(InputSharedAssemblyPath)\%(SharedLibraryContent.Identity)'))计算为(!Exists('C:\Program Files (x86)\Microsoft SDKs\Windows Kits\10\ExtensionSDKs\Microsoft.NET.Native.Framework.1.3\1.3\ARM\ret\ILToc\System.Private.Threading.iltoc'))。"
"Message",Low,"由于 false 条件，已跳过任务“IlcErrorTask”；(!Exists('$(InputSharedAssemblyPath)\%(SharedLibraryContent.Identity)'))计算为(!Exists('C:\Program Files (x86)\Microsoft SDKs\Windows Kits\10\ExtensionSDKs\Microsoft.NET.Native.Framework.1.3\1.3\ARM\ret\ILToc\System.Private.TypeLoader.iltoc'))。"
"Message",Low,"由于 false 条件，已跳过任务“IlcErrorTask”；(!Exists('$(InputSharedAssemblyPath)\%(SharedLibraryContent.Identity)'))计算为(!Exists('C:\Program Files (x86)\Microsoft SDKs\Windows Kits\10\ExtensionSDKs\Microsoft.NET.Native.Framework.1.3\1.3\ARM\ret\ILToc\System.Private.Uri.iltoc'))。"
"Message",Low,"由于 false 条件，已跳过任务“IlcErrorTask”；(!Exists('$(InputSharedAssemblyPath)\%(SharedLibraryContent.Identity)'))计算为(!Exists('C:\Program Files (x86)\Microsoft SDKs\Windows Kits\10\ExtensionSDKs\Microsoft.NET.Native.Framework.1.3\1.3\ARM\ret\ILToc\System.Reflection.Extensions.iltoc'))。"
"Message",Low,"由于 false 条件，已跳过任务“IlcErrorTask”；(!Exists('$(InputSharedAssemblyPath)\%(SharedLibraryContent.Identity)'))计算为(!Exists('C:\Program Files (x86)\Microsoft SDKs\Windows Kits\10\ExtensionSDKs\Microsoft.NET.Native.Framework.1.3\1.3\ARM\ret\ILToc\System.Reflection.Primitives.iltoc'))。"
"Message",Low,"由于 false 条件，已跳过任务“IlcErrorTask”；(!Exists('$(InputSharedAssemblyPath)\%(SharedLibraryContent.Identity)'))计算为(!Exists('C:\Program Files (x86)\Microsoft SDKs\Windows Kits\10\ExtensionSDKs\Microsoft.NET.Native.Framework.1.3\1.3\ARM\ret\ILToc\System.Reflection.TypeExtensions.iltoc'))。"
"Message",Low,"由于 false 条件，已跳过任务“IlcErrorTask”；(!Exists('$(InputSharedAssemblyPath)\%(SharedLibraryContent.Identity)'))计算为(!Exists('C:\Program Files (x86)\Microsoft SDKs\Windows Kits\10\ExtensionSDKs\Microsoft.NET.Native.Framework.1.3\1.3\ARM\ret\ILToc\System.Resources.ResourceManager.iltoc'))。"
"Message",Low,"由于 false 条件，已跳过任务“IlcErrorTask”；(!Exists('$(InputSharedAssemblyPath)\%(SharedLibraryContent.Identity)'))计算为(!Exists('C:\Program Files (x86)\Microsoft SDKs\Windows Kits\10\ExtensionSDKs\Microsoft.NET.Native.Framework.1.3\1.3\ARM\ret\ILToc\System.Runtime.Extensions.iltoc'))。"
"Message",Low,"由于 false 条件，已跳过任务“IlcErrorTask”；(!Exists('$(InputSharedAssemblyPath)\%(SharedLibraryContent.Identity)'))计算为(!Exists('C:\Program Files (x86)\Microsoft SDKs\Windows Kits\10\ExtensionSDKs\Microsoft.NET.Native.Framework.1.3\1.3\ARM\ret\ILToc\System.Runtime.Implementation.iltoc'))。"
"Message",Low,"由于 false 条件，已跳过任务“IlcErrorTask”；(!Exists('$(InputSharedAssemblyPath)\%(SharedLibraryContent.Identity)'))计算为(!Exists('C:\Program Files (x86)\Microsoft SDKs\Windows Kits\10\ExtensionSDKs\Microsoft.NET.Native.Framework.1.3\1.3\ARM\ret\ILToc\System.Text.RegularExpressions.iltoc'))。"
"Message",Low,"由于 false 条件，已跳过任务“IlcErrorTask”；(!Exists('$(InputSharedAssemblyPath)\%(SharedLibraryContent.Identity)'))计算为(!Exists('C:\Program Files (x86)\Microsoft SDKs\Windows Kits\10\ExtensionSDKs\Microsoft.NET.Native.Framework.1.3\1.3\ARM\ret\ILToc\System.Private.SharedLibrary.Interop.Generated.iltoc'))。"
"Message",Low,"由于 false 条件，已跳过任务“IlcErrorTask”；(!Exists('$(InputSharedAssemblyPath)\%(SharedLibraryContent.Identity)'))计算为(!Exists('C:\Program Files (x86)\Microsoft SDKs\Windows Kits\10\ExtensionSDKs\Microsoft.NET.Native.Framework.1.3\1.3\ARM\ret\ILToc\System.Collections.iltocpdb'))。"
"Message",Low,"由于 false 条件，已跳过任务“IlcErrorTask”；(!Exists('$(InputSharedAssemblyPath)\%(SharedLibraryContent.Identity)'))计算为(!Exists('C:\Program Files (x86)\Microsoft SDKs\Windows Kits\10\ExtensionSDKs\Microsoft.NET.Native.Framework.1.3\1.3\ARM\ret\ILToc\System.Collections.Concurrent.iltocpdb'))。"
"Message",Low,"由于 false 条件，已跳过任务“IlcErrorTask”；(!Exists('$(InputSharedAssemblyPath)\%(SharedLibraryContent.Identity)'))计算为(!Exists('C:\Program Files (x86)\Microsoft SDKs\Windows Kits\10\ExtensionSDKs\Microsoft.NET.Native.Framework.1.3\1.3\ARM\ret\ILToc\System.Diagnostics.Tracing.iltocpdb'))。"
"Message",Low,"由于 false 条件，已跳过任务“IlcErrorTask”；(!Exists('$(InputSharedAssemblyPath)\%(SharedLibraryContent.Identity)'))计算为(!Exists('C:\Program Files (x86)\Microsoft SDKs\Windows Kits\10\ExtensionSDKs\Microsoft.NET.Native.Framework.1.3\1.3\ARM\ret\ILToc\System.Dynamic.Runtime.iltocpdb'))。"
"Message",Low,"由于 false 条件，已跳过任务“IlcErrorTask”；(!Exists('$(InputSharedAssemblyPath)\%(SharedLibraryContent.Identity)'))计算为(!Exists('C:\Program Files (x86)\Microsoft SDKs\Windows Kits\10\ExtensionSDKs\Microsoft.NET.Native.Framework.1.3\1.3\ARM\ret\ILToc\System.IO.iltocpdb'))。"
"Message",Low,"由于 false 条件，已跳过任务“IlcErrorTask”；(!Exists('$(InputSharedAssemblyPath)\%(SharedLibraryContent.Identity)'))计算为(!Exists('C:\Program Files (x86)\Microsoft SDKs\Windows Kits\10\ExtensionSDKs\Microsoft.NET.Native.Framework.1.3\1.3\ARM\ret\ILToc\System.Linq.iltocpdb'))。"
"Message",Low,"由于 false 条件，已跳过任务“IlcErrorTask”；(!Exists('$(InputSharedAssemblyPath)\%(SharedLibraryContent.Identity)'))计算为(!Exists('C:\Program Files (x86)\Microsoft SDKs\Windows Kits\10\ExtensionSDKs\Microsoft.NET.Native.Framework.1.3\1.3\ARM\ret\ILToc\System.Linq.Expressions.iltocpdb'))。"
"Message",Low,"由于 false 条件，已跳过任务“IlcErrorTask”；(!Exists('$(InputSharedAssemblyPath)\%(SharedLibraryContent.Identity)'))计算为(!Exists('C:\Program Files (x86)\Microsoft SDKs\Windows Kits\10\ExtensionSDKs\Microsoft.NET.Native.Framework.1.3\1.3\ARM\ret\ILToc\System.ObjectModel.iltocpdb'))。"
"Message",Low,"由于 false 条件，已跳过任务“IlcErrorTask”；(!Exists('$(InputSharedAssemblyPath)\%(SharedLibraryContent.Identity)'))计算为(!Exists('C:\Program Files (x86)\Microsoft SDKs\Windows Kits\10\ExtensionSDKs\Microsoft.NET.Native.Framework.1.3\1.3\ARM\ret\ILToc\System.Private.CoreLib.iltocpdb'))。"
"Message",Low,"由于 false 条件，已跳过任务“IlcErrorTask”；(!Exists('$(InputSharedAssemblyPath)\%(SharedLibraryContent.Identity)'))计算为(!Exists('C:\Program Files (x86)\Microsoft SDKs\Windows Kits\10\ExtensionSDKs\Microsoft.NET.Native.Framework.1.3\1.3\ARM\ret\ILToc\System.Private.Interop.iltocpdb'))。"
"Message",Low,"由于 false 条件，已跳过任务“IlcErrorTask”；(!Exists('$(InputSharedAssemblyPath)\%(SharedLibraryContent.Identity)'))计算为(!Exists('C:\Program Files (x86)\Microsoft SDKs\Windows Kits\10\ExtensionSDKs\Microsoft.NET.Native.Framework.1.3\1.3\ARM\ret\ILToc\System.Private.Reflection.iltocpdb'))。"
"Message",Low,"由于 false 条件，已跳过任务“IlcErrorTask”；(!Exists('$(InputSharedAssemblyPath)\%(SharedLibraryContent.Identity)'))计算为(!Exists('C:\Program Files (x86)\Microsoft SDKs\Windows Kits\10\ExtensionSDKs\Microsoft.NET.Native.Framework.1.3\1.3\ARM\ret\ILToc\System.Private.Reflection.Core.iltocpdb'))。"
"Message",Low,"由于 false 条件，已跳过任务“IlcErrorTask”；(!Exists('$(InputSharedAssemblyPath)\%(SharedLibraryContent.Identity)'))计算为(!Exists('C:\Program Files (x86)\Microsoft SDKs\Windows Kits\10\ExtensionSDKs\Microsoft.NET.Native.Framework.1.3\1.3\ARM\ret\ILToc\System.Private.Reflection.Execution.iltocpdb'))。"
"Message",Low,"由于 false 条件，已跳过任务“IlcErrorTask”；(!Exists('$(InputSharedAssemblyPath)\%(SharedLibraryContent.Identity)'))计算为(!Exists('C:\Program Files (x86)\Microsoft SDKs\Windows Kits\10\ExtensionSDKs\Microsoft.NET.Native.Framework.1.3\1.3\ARM\ret\ILToc\System.Private.Reflection.Metadata.iltocpdb'))。"
"Message",Low,"由于 false 条件，已跳过任务“IlcErrorTask”；(!Exists('$(InputSharedAssemblyPath)\%(SharedLibraryContent.Identity)'))计算为(!Exists('C:\Program Files (x86)\Microsoft SDKs\Windows Kits\10\ExtensionSDKs\Microsoft.NET.Native.Framework.1.3\1.3\ARM\ret\ILToc\System.Private.Threading.iltocpdb'))。"
"Message",Low,"由于 false 条件，已跳过任务“IlcErrorTask”；(!Exists('$(InputSharedAssemblyPath)\%(SharedLibraryContent.Identity)'))计算为(!Exists('C:\Program Files (x86)\Microsoft SDKs\Windows Kits\10\ExtensionSDKs\Microsoft.NET.Native.Framework.1.3\1.3\ARM\ret\ILToc\System.Private.TypeLoader.iltocpdb'))。"
"Message",Low,"由于 false 条件，已跳过任务“IlcErrorTask”；(!Exists('$(InputSharedAssemblyPath)\%(SharedLibraryContent.Identity)'))计算为(!Exists('C:\Program Files (x86)\Microsoft SDKs\Windows Kits\10\ExtensionSDKs\Microsoft.NET.Native.Framework.1.3\1.3\ARM\ret\ILToc\System.Private.Uri.iltocpdb'))。"
"Message",Low,"由于 false 条件，已跳过任务“IlcErrorTask”；(!Exists('$(InputSharedAssemblyPath)\%(SharedLibraryContent.Identity)'))计算为(!Exists('C:\Program Files (x86)\Microsoft SDKs\Windows Kits\10\ExtensionSDKs\Microsoft.NET.Native.Framework.1.3\1.3\ARM\ret\ILToc\System.Reflection.Extensions.iltocpdb'))。"
"Message",Low,"由于 false 条件，已跳过任务“IlcErrorTask”；(!Exists('$(InputSharedAssemblyPath)\%(SharedLibraryContent.Identity)'))计算为(!Exists('C:\Program Files (x86)\Microsoft SDKs\Windows Kits\10\ExtensionSDKs\Microsoft.NET.Native.Framework.1.3\1.3\ARM\ret\ILToc\System.Reflection.Primitives.iltocpdb'))。"
"Message",Low,"由于 false 条件，已跳过任务“IlcErrorTask”；(!Exists('$(InputSharedAssemblyPath)\%(SharedLibraryContent.Identity)'))计算为(!Exists('C:\Program Files (x86)\Microsoft SDKs\Windows Kits\10\ExtensionSDKs\Microsoft.NET.Native.Framework.1.3\1.3\ARM\ret\ILToc\System.Reflection.TypeExtensions.iltocpdb'))。"
"Message",Low,"由于 false 条件，已跳过任务“IlcErrorTask”；(!Exists('$(InputSharedAssemblyPath)\%(SharedLibraryContent.Identity)'))计算为(!Exists('C:\Program Files (x86)\Microsoft SDKs\Windows Kits\10\ExtensionSDKs\Microsoft.NET.Native.Framework.1.3\1.3\ARM\ret\ILToc\System.Resources.ResourceManager.iltocpdb'))。"
"Message",Low,"由于 false 条件，已跳过任务“IlcErrorTask”；(!Exists('$(InputSharedAssemblyPath)\%(SharedLibraryContent.Identity)'))计算为(!Exists('C:\Program Files (x86)\Microsoft SDKs\Windows Kits\10\ExtensionSDKs\Microsoft.NET.Native.Framework.1.3\1.3\ARM\ret\ILToc\System.Runtime.Extensions.iltocpdb'))。"
"Message",Low,"由于 false 条件，已跳过任务“IlcErrorTask”；(!Exists('$(InputSharedAssemblyPath)\%(SharedLibraryContent.Identity)'))计算为(!Exists('C:\Program Files (x86)\Microsoft SDKs\Windows Kits\10\ExtensionSDKs\Microsoft.NET.Native.Framework.1.3\1.3\ARM\ret\ILToc\System.Runtime.Implementation.iltocpdb'))。"
"Message",Low,"由于 false 条件，已跳过任务“IlcErrorTask”；(!Exists('$(InputSharedAssemblyPath)\%(SharedLibraryContent.Identity)'))计算为(!Exists('C:\Program Files (x86)\Microsoft SDKs\Windows Kits\10\ExtensionSDKs\Microsoft.NET.Native.Framework.1.3\1.3\ARM\ret\ILToc\System.Text.RegularExpressions.iltocpdb'))。"
"Message",Low,"由于 false 条件，已跳过任务“IlcErrorTask”；(!Exists('$(InputSharedAssemblyPath)\%(SharedLibraryContent.Identity)'))计算为(!Exists('C:\Program Files (x86)\Microsoft SDKs\Windows Kits\10\ExtensionSDKs\Microsoft.NET.Native.Framework.1.3\1.3\ARM\ret\ILToc\System.Private.SharedLibrary.Interop.Generated.iltocpdb'))。"
"Message",Low,"由于 false 条件，已跳过任务“IlcErrorTask”；(!Exists('$(InputSharedAssemblyPath)\%(SharedLibraryContent.Identity)'))计算为(!Exists('C:\Program Files (x86)\Microsoft SDKs\Windows Kits\10\ExtensionSDKs\Microsoft.NET.Native.Framework.1.3\1.3\ARM\ret\ILTransformed\System.Collections.ildll'))。"
"Message",Low,"由于 false 条件，已跳过任务“IlcErrorTask”；(!Exists('$(InputSharedAssemblyPath)\%(SharedLibraryContent.Identity)'))计算为(!Exists('C:\Program Files (x86)\Microsoft SDKs\Windows Kits\10\ExtensionSDKs\Microsoft.NET.Native.Framework.1.3\1.3\ARM\ret\ILTransformed\System.Collections.Concurrent.ildll'))。"
"Message",Low,"由于 false 条件，已跳过任务“IlcErrorTask”；(!Exists('$(InputSharedAssemblyPath)\%(SharedLibraryContent.Identity)'))计算为(!Exists('C:\Program Files (x86)\Microsoft SDKs\Windows Kits\10\ExtensionSDKs\Microsoft.NET.Native.Framework.1.3\1.3\ARM\ret\ILTransformed\System.Diagnostics.Tracing.ildll'))。"
"Message",Low,"由于 false 条件，已跳过任务“IlcErrorTask”；(!Exists('$(InputSharedAssemblyPath)\%(SharedLibraryContent.Identity)'))计算为(!Exists('C:\Program Files (x86)\Microsoft SDKs\Windows Kits\10\ExtensionSDKs\Microsoft.NET.Native.Framework.1.3\1.3\ARM\ret\ILTransformed\System.Dynamic.Runtime.ildll'))。"
"Message",Low,"由于 false 条件，已跳过任务“IlcErrorTask”；(!Exists('$(InputSharedAssemblyPath)\%(SharedLibraryContent.Identity)'))计算为(!Exists('C:\Program Files (x86)\Microsoft SDKs\Windows Kits\10\ExtensionSDKs\Microsoft.NET.Native.Framework.1.3\1.3\ARM\ret\ILTransformed\System.IO.ildll'))。"
"Message",Low,"由于 false 条件，已跳过任务“IlcErrorTask”；(!Exists('$(InputSharedAssemblyPath)\%(SharedLibraryContent.Identity)'))计算为(!Exists('C:\Program Files (x86)\Microsoft SDKs\Windows Kits\10\ExtensionSDKs\Microsoft.NET.Native.Framework.1.3\1.3\ARM\ret\ILTransformed\System.Linq.ildll'))。"
"Message",Low,"由于 false 条件，已跳过任务“IlcErrorTask”；(!Exists('$(InputSharedAssemblyPath)\%(SharedLibraryContent.Identity)'))计算为(!Exists('C:\Program Files (x86)\Microsoft SDKs\Windows Kits\10\ExtensionSDKs\Microsoft.NET.Native.Framework.1.3\1.3\ARM\ret\ILTransformed\System.Linq.Expressions.ildll'))。"
"Message",Low,"由于 false 条件，已跳过任务“IlcErrorTask”；(!Exists('$(InputSharedAssemblyPath)\%(SharedLibraryContent.Identity)'))计算为(!Exists('C:\Program Files (x86)\Microsoft SDKs\Windows Kits\10\ExtensionSDKs\Microsoft.NET.Native.Framework.1.3\1.3\ARM\ret\ILTransformed\System.ObjectModel.ildll'))。"
"Message",Low,"由于 false 条件，已跳过任务“IlcErrorTask”；(!Exists('$(InputSharedAssemblyPath)\%(SharedLibraryContent.Identity)'))计算为(!Exists('C:\Program Files (x86)\Microsoft SDKs\Windows Kits\10\ExtensionSDKs\Microsoft.NET.Native.Framework.1.3\1.3\ARM\ret\ILTransformed\System.Private.CoreLib.ildll'))。"
"Message",Low,"由于 false 条件，已跳过任务“IlcErrorTask”；(!Exists('$(InputSharedAssemblyPath)\%(SharedLibraryContent.Identity)'))计算为(!Exists('C:\Program Files (x86)\Microsoft SDKs\Windows Kits\10\ExtensionSDKs\Microsoft.NET.Native.Framework.1.3\1.3\ARM\ret\ILTransformed\System.Private.Interop.ildll'))。"
"Message",Low,"由于 false 条件，已跳过任务“IlcErrorTask”；(!Exists('$(InputSharedAssemblyPath)\%(SharedLibraryContent.Identity)'))计算为(!Exists('C:\Program Files (x86)\Microsoft SDKs\Windows Kits\10\ExtensionSDKs\Microsoft.NET.Native.Framework.1.3\1.3\ARM\ret\ILTransformed\System.Private.Reflection.ildll'))。"
"Message",Low,"由于 false 条件，已跳过任务“IlcErrorTask”；(!Exists('$(InputSharedAssemblyPath)\%(SharedLibraryContent.Identity)'))计算为(!Exists('C:\Program Files (x86)\Microsoft SDKs\Windows Kits\10\ExtensionSDKs\Microsoft.NET.Native.Framework.1.3\1.3\ARM\ret\ILTransformed\System.Private.Reflection.Core.ildll'))。"
"Message",Low,"由于 false 条件，已跳过任务“IlcErrorTask”；(!Exists('$(InputSharedAssemblyPath)\%(SharedLibraryContent.Identity)'))计算为(!Exists('C:\Program Files (x86)\Microsoft SDKs\Windows Kits\10\ExtensionSDKs\Microsoft.NET.Native.Framework.1.3\1.3\ARM\ret\ILTransformed\System.Private.Reflection.Execution.ildll'))。"
"Message",Low,"由于 false 条件，已跳过任务“IlcErrorTask”；(!Exists('$(InputSharedAssemblyPath)\%(SharedLibraryContent.Identity)'))计算为(!Exists('C:\Program Files (x86)\Microsoft SDKs\Windows Kits\10\ExtensionSDKs\Microsoft.NET.Native.Framework.1.3\1.3\ARM\ret\ILTransformed\System.Private.Reflection.Metadata.ildll'))。"
"Message",Low,"由于 false 条件，已跳过任务“IlcErrorTask”；(!Exists('$(InputSharedAssemblyPath)\%(SharedLibraryContent.Identity)'))计算为(!Exists('C:\Program Files (x86)\Microsoft SDKs\Windows Kits\10\ExtensionSDKs\Microsoft.NET.Native.Framework.1.3\1.3\ARM\ret\ILTransformed\System.Private.Threading.ildll'))。"
"Message",Low,"由于 false 条件，已跳过任务“IlcErrorTask”；(!Exists('$(InputSharedAssemblyPath)\%(SharedLibraryContent.Identity)'))计算为(!Exists('C:\Program Files (x86)\Microsoft SDKs\Windows Kits\10\ExtensionSDKs\Microsoft.NET.Native.Framework.1.3\1.3\ARM\ret\ILTransformed\System.Private.TypeLoader.ildll'))。"
"Message",Low,"由于 false 条件，已跳过任务“IlcErrorTask”；(!Exists('$(InputSharedAssemblyPath)\%(SharedLibraryContent.Identity)'))计算为(!Exists('C:\Program Files (x86)\Microsoft SDKs\Windows Kits\10\ExtensionSDKs\Microsoft.NET.Native.Framework.1.3\1.3\ARM\ret\ILTransformed\System.Private.Uri.ildll'))。"
"Message",Low,"由于 false 条件，已跳过任务“IlcErrorTask”；(!Exists('$(InputSharedAssemblyPath)\%(SharedLibraryContent.Identity)'))计算为(!Exists('C:\Program Files (x86)\Microsoft SDKs\Windows Kits\10\ExtensionSDKs\Microsoft.NET.Native.Framework.1.3\1.3\ARM\ret\ILTransformed\System.Reflection.Extensions.ildll'))。"
"Message",Low,"由于 false 条件，已跳过任务“IlcErrorTask”；(!Exists('$(InputSharedAssemblyPath)\%(SharedLibraryContent.Identity)'))计算为(!Exists('C:\Program Files (x86)\Microsoft SDKs\Windows Kits\10\ExtensionSDKs\Microsoft.NET.Native.Framework.1.3\1.3\ARM\ret\ILTransformed\System.Reflection.Primitives.ildll'))。"
"Message",Low,"由于 false 条件，已跳过任务“IlcErrorTask”；(!Exists('$(InputSharedAssemblyPath)\%(SharedLibraryContent.Identity)'))计算为(!Exists('C:\Program Files (x86)\Microsoft SDKs\Windows Kits\10\ExtensionSDKs\Microsoft.NET.Native.Framework.1.3\1.3\ARM\ret\ILTransformed\System.Reflection.TypeExtensions.ildll'))。"
"Message",Low,"由于 false 条件，已跳过任务“IlcErrorTask”；(!Exists('$(InputSharedAssemblyPath)\%(SharedLibraryContent.Identity)'))计算为(!Exists('C:\Program Files (x86)\Microsoft SDKs\Windows Kits\10\ExtensionSDKs\Microsoft.NET.Native.Framework.1.3\1.3\ARM\ret\ILTransformed\System.Resources.ResourceManager.ildll'))。"
"Message",Low,"由于 false 条件，已跳过任务“IlcErrorTask”；(!Exists('$(InputSharedAssemblyPath)\%(SharedLibraryContent.Identity)'))计算为(!Exists('C:\Program Files (x86)\Microsoft SDKs\Windows Kits\10\ExtensionSDKs\Microsoft.NET.Native.Framework.1.3\1.3\ARM\ret\ILTransformed\System.Runtime.Extensions.ildll'))。"
"Message",Low,"由于 false 条件，已跳过任务“IlcErrorTask”；(!Exists('$(InputSharedAssemblyPath)\%(SharedLibraryContent.Identity)'))计算为(!Exists('C:\Program Files (x86)\Microsoft SDKs\Windows Kits\10\ExtensionSDKs\Microsoft.NET.Native.Framework.1.3\1.3\ARM\ret\ILTransformed\System.Runtime.Implementation.ildll'))。"
"Message",Low,"由于 false 条件，已跳过任务“IlcErrorTask”；(!Exists('$(InputSharedAssemblyPath)\%(SharedLibraryContent.Identity)'))计算为(!Exists('C:\Program Files (x86)\Microsoft SDKs\Windows Kits\10\ExtensionSDKs\Microsoft.NET.Native.Framework.1.3\1.3\ARM\ret\ILTransformed\System.Text.RegularExpressions.ildll'))。"
"Message",Low,"由于 false 条件，已跳过任务“IlcErrorTask”；(!Exists('$(InputSharedAssemblyPath)\%(SharedLibraryContent.Identity)'))计算为(!Exists('C:\Program Files (x86)\Microsoft SDKs\Windows Kits\10\ExtensionSDKs\Microsoft.NET.Native.Framework.1.3\1.3\ARM\ret\ILTransformed\System.Private.SharedLibrary.Interop.Generated.ildll'))。"
"Message",Low,"由于 false 条件，已跳过任务“IlcErrorTask”；(!Exists('$(InputSharedAssemblyPath)\%(SharedLibraryContent.Identity)'))计算为(!Exists('C:\Program Files (x86)\Microsoft SDKs\Windows Kits\10\ExtensionSDKs\Microsoft.NET.Native.Framework.1.3\1.3\ARM\ret\ILTransformed\System.Collections.ilpdb'))。"
"Message",Low,"由于 false 条件，已跳过任务“IlcErrorTask”；(!Exists('$(InputSharedAssemblyPath)\%(SharedLibraryContent.Identity)'))计算为(!Exists('C:\Program Files (x86)\Microsoft SDKs\Windows Kits\10\ExtensionSDKs\Microsoft.NET.Native.Framework.1.3\1.3\ARM\ret\ILTransformed\System.Collections.Concurrent.ilpdb'))。"
"Message",Low,"由于 false 条件，已跳过任务“IlcErrorTask”；(!Exists('$(InputSharedAssemblyPath)\%(SharedLibraryContent.Identity)'))计算为(!Exists('C:\Program Files (x86)\Microsoft SDKs\Windows Kits\10\ExtensionSDKs\Microsoft.NET.Native.Framework.1.3\1.3\ARM\ret\ILTransformed\System.Diagnostics.Tracing.ilpdb'))。"
"Message",Low,"由于 false 条件，已跳过任务“IlcErrorTask”；(!Exists('$(InputSharedAssemblyPath)\%(SharedLibraryContent.Identity)'))计算为(!Exists('C:\Program Files (x86)\Microsoft SDKs\Windows Kits\10\ExtensionSDKs\Microsoft.NET.Native.Framework.1.3\1.3\ARM\ret\ILTransformed\System.Dynamic.Runtime.ilpdb'))。"
"Message",Low,"由于 false 条件，已跳过任务“IlcErrorTask”；(!Exists('$(InputSharedAssemblyPath)\%(SharedLibraryContent.Identity)'))计算为(!Exists('C:\Program Files (x86)\Microsoft SDKs\Windows Kits\10\ExtensionSDKs\Microsoft.NET.Native.Framework.1.3\1.3\ARM\ret\ILTransformed\System.IO.ilpdb'))。"
"Message",Low,"由于 false 条件，已跳过任务“IlcErrorTask”；(!Exists('$(InputSharedAssemblyPath)\%(SharedLibraryContent.Identity)'))计算为(!Exists('C:\Program Files (x86)\Microsoft SDKs\Windows Kits\10\ExtensionSDKs\Microsoft.NET.Native.Framework.1.3\1.3\ARM\ret\ILTransformed\System.Linq.ilpdb'))。"
"Message",Low,"由于 false 条件，已跳过任务“IlcErrorTask”；(!Exists('$(InputSharedAssemblyPath)\%(SharedLibraryContent.Identity)'))计算为(!Exists('C:\Program Files (x86)\Microsoft SDKs\Windows Kits\10\ExtensionSDKs\Microsoft.NET.Native.Framework.1.3\1.3\ARM\ret\ILTransformed\System.Linq.Expressions.ilpdb'))。"
"Message",Low,"由于 false 条件，已跳过任务“IlcErrorTask”；(!Exists('$(InputSharedAssemblyPath)\%(SharedLibraryContent.Identity)'))计算为(!Exists('C:\Program Files (x86)\Microsoft SDKs\Windows Kits\10\ExtensionSDKs\Microsoft.NET.Native.Framework.1.3\1.3\ARM\ret\ILTransformed\System.ObjectModel.ilpdb'))。"
"Message",Low,"由于 false 条件，已跳过任务“IlcErrorTask”；(!Exists('$(InputSharedAssemblyPath)\%(SharedLibraryContent.Identity)'))计算为(!Exists('C:\Program Files (x86)\Microsoft SDKs\Windows Kits\10\ExtensionSDKs\Microsoft.NET.Native.Framework.1.3\1.3\ARM\ret\ILTransformed\System.Private.CoreLib.ilpdb'))。"
"Message",Low,"由于 false 条件，已跳过任务“IlcErrorTask”；(!Exists('$(InputSharedAssemblyPath)\%(SharedLibraryContent.Identity)'))计算为(!Exists('C:\Program Files (x86)\Microsoft SDKs\Windows Kits\10\ExtensionSDKs\Microsoft.NET.Native.Framework.1.3\1.3\ARM\ret\ILTransformed\System.Private.Interop.ilpdb'))。"
"Message",Low,"由于 false 条件，已跳过任务“IlcErrorTask”；(!Exists('$(InputSharedAssemblyPath)\%(SharedLibraryContent.Identity)'))计算为(!Exists('C:\Program Files (x86)\Microsoft SDKs\Windows Kits\10\ExtensionSDKs\Microsoft.NET.Native.Framework.1.3\1.3\ARM\ret\ILTransformed\System.Private.Reflection.ilpdb'))。"
"Message",Low,"由于 false 条件，已跳过任务“IlcErrorTask”；(!Exists('$(InputSharedAssemblyPath)\%(SharedLibraryContent.Identity)'))计算为(!Exists('C:\Program Files (x86)\Microsoft SDKs\Windows Kits\10\ExtensionSDKs\Microsoft.NET.Native.Framework.1.3\1.3\ARM\ret\ILTransformed\System.Private.Reflection.Core.ilpdb'))。"
"Message",Low,"由于 false 条件，已跳过任务“IlcErrorTask”；(!Exists('$(InputSharedAssemblyPath)\%(SharedLibraryContent.Identity)'))计算为(!Exists('C:\Program Files (x86)\Microsoft SDKs\Windows Kits\10\ExtensionSDKs\Microsoft.NET.Native.Framework.1.3\1.3\ARM\ret\ILTransformed\System.Private.Reflection.Execution.ilpdb'))。"
"Message",Low,"由于 false 条件，已跳过任务“IlcErrorTask”；(!Exists('$(InputSharedAssemblyPath)\%(SharedLibraryContent.Identity)'))计算为(!Exists('C:\Program Files (x86)\Microsoft SDKs\Windows Kits\10\ExtensionSDKs\Microsoft.NET.Native.Framework.1.3\1.3\ARM\ret\ILTransformed\System.Private.Reflection.Metadata.ilpdb'))。"
"Message",Low,"由于 false 条件，已跳过任务“IlcErrorTask”；(!Exists('$(InputSharedAssemblyPath)\%(SharedLibraryContent.Identity)'))计算为(!Exists('C:\Program Files (x86)\Microsoft SDKs\Windows Kits\10\ExtensionSDKs\Microsoft.NET.Native.Framework.1.3\1.3\ARM\ret\ILTransformed\System.Private.Threading.ilpdb'))。"
"Message",Low,"由于 false 条件，已跳过任务“IlcErrorTask”；(!Exists('$(InputSharedAssemblyPath)\%(SharedLibraryContent.Identity)'))计算为(!Exists('C:\Program Files (x86)\Microsoft SDKs\Windows Kits\10\ExtensionSDKs\Microsoft.NET.Native.Framework.1.3\1.3\ARM\ret\ILTransformed\System.Private.TypeLoader.ilpdb'))。"
"Message",Low,"由于 false 条件，已跳过任务“IlcErrorTask”；(!Exists('$(InputSharedAssemblyPath)\%(SharedLibraryContent.Identity)'))计算为(!Exists('C:\Program Files (x86)\Microsoft SDKs\Windows Kits\10\ExtensionSDKs\Microsoft.NET.Native.Framework.1.3\1.3\ARM\ret\ILTransformed\System.Private.Uri.ilpdb'))。"
"Message",Low,"由于 false 条件，已跳过任务“IlcErrorTask”；(!Exists('$(InputSharedAssemblyPath)\%(SharedLibraryContent.Identity)'))计算为(!Exists('C:\Program Files (x86)\Microsoft SDKs\Windows Kits\10\ExtensionSDKs\Microsoft.NET.Native.Framework.1.3\1.3\ARM\ret\ILTransformed\System.Reflection.Extensions.ilpdb'))。"
"Message",Low,"由于 false 条件，已跳过任务“IlcErrorTask”；(!Exists('$(InputSharedAssemblyPath)\%(SharedLibraryContent.Identity)'))计算为(!Exists('C:\Program Files (x86)\Microsoft SDKs\Windows Kits\10\ExtensionSDKs\Microsoft.NET.Native.Framework.1.3\1.3\ARM\ret\ILTransformed\System.Reflection.Primitives.ilpdb'))。"
"Message",Low,"由于 false 条件，已跳过任务“IlcErrorTask”；(!Exists('$(InputSharedAssemblyPath)\%(SharedLibraryContent.Identity)'))计算为(!Exists('C:\Program Files (x86)\Microsoft SDKs\Windows Kits\10\ExtensionSDKs\Microsoft.NET.Native.Framework.1.3\1.3\ARM\ret\ILTransformed\System.Reflection.TypeExtensions.ilpdb'))。"
"Message",Low,"由于 false 条件，已跳过任务“IlcErrorTask”；(!Exists('$(InputSharedAssemblyPath)\%(SharedLibraryContent.Identity)'))计算为(!Exists('C:\Program Files (x86)\Microsoft SDKs\Windows Kits\10\ExtensionSDKs\Microsoft.NET.Native.Framework.1.3\1.3\ARM\ret\ILTransformed\System.Resources.ResourceManager.ilpdb'))。"
"Message",Low,"由于 false 条件，已跳过任务“IlcErrorTask”；(!Exists('$(InputSharedAssemblyPath)\%(SharedLibraryContent.Identity)'))计算为(!Exists('C:\Program Files (x86)\Microsoft SDKs\Windows Kits\10\ExtensionSDKs\Microsoft.NET.Native.Framework.1.3\1.3\ARM\ret\ILTransformed\System.Runtime.Extensions.ilpdb'))。"
"Message",Low,"由于 false 条件，已跳过任务“IlcErrorTask”；(!Exists('$(InputSharedAssemblyPath)\%(SharedLibraryContent.Identity)'))计算为(!Exists('C:\Program Files (x86)\Microsoft SDKs\Windows Kits\10\ExtensionSDKs\Microsoft.NET.Native.Framework.1.3\1.3\ARM\ret\ILTransformed\System.Runtime.Implementation.ilpdb'))。"
"Message",Low,"由于 false 条件，已跳过任务“IlcErrorTask”；(!Exists('$(InputSharedAssemblyPath)\%(SharedLibraryContent.Identity)'))计算为(!Exists('C:\Program Files (x86)\Microsoft SDKs\Windows Kits\10\ExtensionSDKs\Microsoft.NET.Native.Framework.1.3\1.3\ARM\ret\ILTransformed\System.Text.RegularExpressions.ilpdb'))。"
"Message",Low,"由于 false 条件，已跳过任务“IlcErrorTask”；(!Exists('$(InputSharedAssemblyPath)\%(SharedLibraryContent.Identity)'))计算为(!Exists('C:\Program Files (x86)\Microsoft SDKs\Windows Kits\10\ExtensionSDKs\Microsoft.NET.Native.Framework.1.3\1.3\ARM\ret\ILTransformed\System.Private.SharedLibrary.Interop.Generated.ilpdb'))。"
"Message",Low,"由于 false 条件，已跳过任务“IlcErrorTask”；(!Exists('$(InputSharedAssemblyPath)\%(SharedLibraryContent.Identity)'))计算为(!Exists('C:\Program Files (x86)\Microsoft SDKs\Windows Kits\10\ExtensionSDKs\Microsoft.NET.Native.Framework.1.3\1.3\ARM\ret\Toc\System.Collections.toc'))。"
"Message",Low,"由于 false 条件，已跳过任务“IlcErrorTask”；(!Exists('$(InputSharedAssemblyPath)\%(SharedLibraryContent.Identity)'))计算为(!Exists('C:\Program Files (x86)\Microsoft SDKs\Windows Kits\10\ExtensionSDKs\Microsoft.NET.Native.Framework.1.3\1.3\ARM\ret\Toc\System.Collections.Concurrent.toc'))。"
"Message",Low,"由于 false 条件，已跳过任务“IlcErrorTask”；(!Exists('$(InputSharedAssemblyPath)\%(SharedLibraryContent.Identity)'))计算为(!Exists('C:\Program Files (x86)\Microsoft SDKs\Windows Kits\10\ExtensionSDKs\Microsoft.NET.Native.Framework.1.3\1.3\ARM\ret\Toc\System.Diagnostics.Tracing.toc'))。"
"Message",Low,"由于 false 条件，已跳过任务“IlcErrorTask”；(!Exists('$(InputSharedAssemblyPath)\%(SharedLibraryContent.Identity)'))计算为(!Exists('C:\Program Files (x86)\Microsoft SDKs\Windows Kits\10\ExtensionSDKs\Microsoft.NET.Native.Framework.1.3\1.3\ARM\ret\Toc\System.Dynamic.Runtime.toc'))。"
"Message",Low,"由于 false 条件，已跳过任务“IlcErrorTask”；(!Exists('$(InputSharedAssemblyPath)\%(SharedLibraryContent.Identity)'))计算为(!Exists('C:\Program Files (x86)\Microsoft SDKs\Windows Kits\10\ExtensionSDKs\Microsoft.NET.Native.Framework.1.3\1.3\ARM\ret\Toc\System.IO.toc'))。"
"Message",Low,"由于 false 条件，已跳过任务“IlcErrorTask”；(!Exists('$(InputSharedAssemblyPath)\%(SharedLibraryContent.Identity)'))计算为(!Exists('C:\Program Files (x86)\Microsoft SDKs\Windows Kits\10\ExtensionSDKs\Microsoft.NET.Native.Framework.1.3\1.3\ARM\ret\Toc\System.Linq.toc'))。"
"Message",Low,"由于 false 条件，已跳过任务“IlcErrorTask”；(!Exists('$(InputSharedAssemblyPath)\%(SharedLibraryContent.Identity)'))计算为(!Exists('C:\Program Files (x86)\Microsoft SDKs\Windows Kits\10\ExtensionSDKs\Microsoft.NET.Native.Framework.1.3\1.3\ARM\ret\Toc\System.Linq.Expressions.toc'))。"
"Message",Low,"由于 false 条件，已跳过任务“IlcErrorTask”；(!Exists('$(InputSharedAssemblyPath)\%(SharedLibraryContent.Identity)'))计算为(!Exists('C:\Program Files (x86)\Microsoft SDKs\Windows Kits\10\ExtensionSDKs\Microsoft.NET.Native.Framework.1.3\1.3\ARM\ret\Toc\System.ObjectModel.toc'))。"
"Message",Low,"由于 false 条件，已跳过任务“IlcErrorTask”；(!Exists('$(InputSharedAssemblyPath)\%(SharedLibraryContent.Identity)'))计算为(!Exists('C:\Program Files (x86)\Microsoft SDKs\Windows Kits\10\ExtensionSDKs\Microsoft.NET.Native.Framework.1.3\1.3\ARM\ret\Toc\System.Private.CoreLib.toc'))。"
"Message",Low,"由于 false 条件，已跳过任务“IlcErrorTask”；(!Exists('$(InputSharedAssemblyPath)\%(SharedLibraryContent.Identity)'))计算为(!Exists('C:\Program Files (x86)\Microsoft SDKs\Windows Kits\10\ExtensionSDKs\Microsoft.NET.Native.Framework.1.3\1.3\ARM\ret\Toc\System.Private.Interop.toc'))。"
"Message",Low,"由于 false 条件，已跳过任务“IlcErrorTask”；(!Exists('$(InputSharedAssemblyPath)\%(SharedLibraryContent.Identity)'))计算为(!Exists('C:\Program Files (x86)\Microsoft SDKs\Windows Kits\10\ExtensionSDKs\Microsoft.NET.Native.Framework.1.3\1.3\ARM\ret\Toc\System.Private.Reflection.toc'))。"
"Message",Low,"由于 false 条件，已跳过任务“IlcErrorTask”；(!Exists('$(InputSharedAssemblyPath)\%(SharedLibraryContent.Identity)'))计算为(!Exists('C:\Program Files (x86)\Microsoft SDKs\Windows Kits\10\ExtensionSDKs\Microsoft.NET.Native.Framework.1.3\1.3\ARM\ret\Toc\System.Private.Reflection.Core.toc'))。"
"Message",Low,"由于 false 条件，已跳过任务“IlcErrorTask”；(!Exists('$(InputSharedAssemblyPath)\%(SharedLibraryContent.Identity)'))计算为(!Exists('C:\Program Files (x86)\Microsoft SDKs\Windows Kits\10\ExtensionSDKs\Microsoft.NET.Native.Framework.1.3\1.3\ARM\ret\Toc\System.Private.Reflection.Execution.toc'))。"
"Message",Low,"由于 false 条件，已跳过任务“IlcErrorTask”；(!Exists('$(InputSharedAssemblyPath)\%(SharedLibraryContent.Identity)'))计算为(!Exists('C:\Program Files (x86)\Microsoft SDKs\Windows Kits\10\ExtensionSDKs\Microsoft.NET.Native.Framework.1.3\1.3\ARM\ret\Toc\System.Private.Reflection.Metadata.toc'))。"
"Message",Low,"由于 false 条件，已跳过任务“IlcErrorTask”；(!Exists('$(InputSharedAssemblyPath)\%(SharedLibraryContent.Identity)'))计算为(!Exists('C:\Program Files (x86)\Microsoft SDKs\Windows Kits\10\ExtensionSDKs\Microsoft.NET.Native.Framework.1.3\1.3\ARM\ret\Toc\System.Private.Threading.toc'))。"
"Message",Low,"由于 false 条件，已跳过任务“IlcErrorTask”；(!Exists('$(InputSharedAssemblyPath)\%(SharedLibraryContent.Identity)'))计算为(!Exists('C:\Program Files (x86)\Microsoft SDKs\Windows Kits\10\ExtensionSDKs\Microsoft.NET.Native.Framework.1.3\1.3\ARM\ret\Toc\System.Private.TypeLoader.toc'))。"
"Message",Low,"由于 false 条件，已跳过任务“IlcErrorTask”；(!Exists('$(InputSharedAssemblyPath)\%(SharedLibraryContent.Identity)'))计算为(!Exists('C:\Program Files (x86)\Microsoft SDKs\Windows Kits\10\ExtensionSDKs\Microsoft.NET.Native.Framework.1.3\1.3\ARM\ret\Toc\System.Private.Uri.toc'))。"
"Message",Low,"由于 false 条件，已跳过任务“IlcErrorTask”；(!Exists('$(InputSharedAssemblyPath)\%(SharedLibraryContent.Identity)'))计算为(!Exists('C:\Program Files (x86)\Microsoft SDKs\Windows Kits\10\ExtensionSDKs\Microsoft.NET.Native.Framework.1.3\1.3\ARM\ret\Toc\System.Reflection.Extensions.toc'))。"
"Message",Low,"由于 false 条件，已跳过任务“IlcErrorTask”；(!Exists('$(InputSharedAssemblyPath)\%(SharedLibraryContent.Identity)'))计算为(!Exists('C:\Program Files (x86)\Microsoft SDKs\Windows Kits\10\ExtensionSDKs\Microsoft.NET.Native.Framework.1.3\1.3\ARM\ret\Toc\System.Reflection.Primitives.toc'))。"
"Message",Low,"由于 false 条件，已跳过任务“IlcErrorTask”；(!Exists('$(InputSharedAssemblyPath)\%(SharedLibraryContent.Identity)'))计算为(!Exists('C:\Program Files (x86)\Microsoft SDKs\Windows Kits\10\ExtensionSDKs\Microsoft.NET.Native.Framework.1.3\1.3\ARM\ret\Toc\System.Reflection.TypeExtensions.toc'))。"
"Message",Low,"由于 false 条件，已跳过任务“IlcErrorTask”；(!Exists('$(InputSharedAssemblyPath)\%(SharedLibraryContent.Identity)'))计算为(!Exists('C:\Program Files (x86)\Microsoft SDKs\Windows Kits\10\ExtensionSDKs\Microsoft.NET.Native.Framework.1.3\1.3\ARM\ret\Toc\System.Resources.ResourceManager.toc'))。"
"Message",Low,"由于 false 条件，已跳过任务“IlcErrorTask”；(!Exists('$(InputSharedAssemblyPath)\%(SharedLibraryContent.Identity)'))计算为(!Exists('C:\Program Files (x86)\Microsoft SDKs\Windows Kits\10\ExtensionSDKs\Microsoft.NET.Native.Framework.1.3\1.3\ARM\ret\Toc\System.Runtime.Extensions.toc'))。"
"Message",Low,"由于 false 条件，已跳过任务“IlcErrorTask”；(!Exists('$(InputSharedAssemblyPath)\%(SharedLibraryContent.Identity)'))计算为(!Exists('C:\Program Files (x86)\Microsoft SDKs\Windows Kits\10\ExtensionSDKs\Microsoft.NET.Native.Framework.1.3\1.3\ARM\ret\Toc\System.Runtime.Implementation.toc'))。"
"Message",Low,"由于 false 条件，已跳过任务“IlcErrorTask”；(!Exists('$(InputSharedAssemblyPath)\%(SharedLibraryContent.Identity)'))计算为(!Exists('C:\Program Files (x86)\Microsoft SDKs\Windows Kits\10\ExtensionSDKs\Microsoft.NET.Native.Framework.1.3\1.3\ARM\ret\Toc\System.Text.RegularExpressions.toc'))。"
"Message",Low,"由于 false 条件，已跳过任务“IlcErrorTask”；(!Exists('$(InputSharedAssemblyPath)\%(SharedLibraryContent.Identity)'))计算为(!Exists('C:\Program Files (x86)\Microsoft SDKs\Windows Kits\10\ExtensionSDKs\Microsoft.NET.Native.Framework.1.3\1.3\ARM\ret\Toc\System.Private.SharedLibrary.Interop.Generated.toc'))。"
"Message",Low,"由于 false 条件，已跳过任务“IlcErrorTask”；(!Exists('$(InputSharedAssemblyPath)\%(SharedLibraryContent.Identity)'))计算为(!Exists('C:\Program Files (x86)\Microsoft SDKs\Windows Kits\10\ExtensionSDKs\Microsoft.NET.Native.Framework.1.3\1.3\ARM\ret\MDIL\SharedLibrary.mdildll'))。"
"Message",Low,"已完成在项目“Unnamed_1”中生成目标“SetForSharedInputs”的操作。"
"Message",Low,"由于条件的计算结果为 false，已跳过目标“SetForBuildSharedAssemblies”；('$(BuildSharedAssemblies)' == 'true')的计算结果为('false' == 'true')。"
"Message",Low,"来自项目“C:\Users\User\documents\visual studio 2017\Projects\MyWP\MyWP\Unnamed_1”的文件“C:\Program Files (x86)\MSBuild\15.0\.Net\.NetNative\15.0.24211\ARM\ilc\IlcInternals.targets”中的目标“ResolveInitialReferences”(目标“RunILTransforms”依赖于它):"
"Message",Low,"任务“ResolveFilePathTask”"
"Message",Low,"已完成执行任务“ResolveFilePathTask”的操作。"
"Message",Low,"由于 false 条件，已跳过任务“IlcErrorTask”；('@(UnresolvedInitialAssemblyClosureRoots)' != '')计算为('' != '')。"
"Message",Low,"任务“ResolveFilePathTask”"
"Message",Low,"已完成执行任务“ResolveFilePathTask”的操作。"
"Message",Low,"由于 false 条件，已跳过任务“IlcErrorTask”；('@(UnresolvedManagedDllFilesErrorParameters)'!='')计算为(''!='')。"
"Message",Low,"任务“Message”"
"Message",Normal,"Running AssemblyClosureTask in ResolveInitialReferences (1)"
"Message",Low,"已完成执行任务“Message”的操作。"
"Message",Low,"任务“AssemblyClosureTask”"
"Message",Low,"已完成执行任务“AssemblyClosureTask”的操作。"
"Message",Low,"任务“Message”"
"Message",Normal,"Running AssemblyClosureTask in ResolveInitialReferences (2)"
"Message",Low,"已完成执行任务“Message”的操作。"
"Message",Low,"任务“AssemblyClosureTask”"
"Message",Low,"已完成执行任务“AssemblyClosureTask”的操作。"
"Message",Low,"正在使用程序集“Microsoft.Build.Tasks.v4.0, Version=4.0.0.0, Culture=neutral, PublicKeyToken=b03f5f7f11d50a3a”中的“RemoveDuplicates”任务。"
"Message",Low,"任务“RemoveDuplicates”"
"Message",Low,"已完成执行任务“RemoveDuplicates”的操作。"
"Message",Low,"已完成在项目“Unnamed_1”中生成目标“ResolveInitialReferences”的操作。"
"Message",Low,"来自项目“C:\Users\User\documents\visual studio 2017\Projects\MyWP\MyWP\Unnamed_1”的文件“C:\Program Files (x86)\MSBuild\15.0\.Net\.NetNative\15.0.24211\ARM\ilc\IlcInternals.targets”中的目标“RunILTransforms”(目标“MDILPrepareMultiFile”依赖于它):"
"Message",Low,"正在完全生成目标“RunILTransforms”。"
"Message",Low,"输出文件“C:\Users\User\documents\visual studio 2017\Projects\MyWP\MyWP\obj\ARM\Release\ilc\intermediate\ILTransformed\MyWP.ilexe”不存在。"
"Message",Low,"任务“IlcMessageTask”"
"Message",High,"Processing application code"
"Message",Low,"已完成执行任务“IlcMessageTask”的操作。"
"Message",Low,"正在使用程序集“C:\Program Files (x86)\MSBuild\15.0\.Net\.NetNative\15.0.24211\ARM\ilc\ilc.exe”中的“ValidateSimpleNamesTask”任务。"
"Message",Low,"任务“ValidateSimpleNamesTask”"
"Message",Low,"已完成执行任务“ValidateSimpleNamesTask”的操作。"
"Message",Low,"任务“MakeDir”"
"Message",Normal,"正在创建目录“C:\Users\User\documents\visual studio 2017\Projects\MyWP\MyWP\obj\ARM\Release\ilc\intermediate\ILTransformed\”。"
"Message",Low,"已完成执行任务“MakeDir”的操作。"
"Message",Low,"由于 false 条件，已跳过任务“MakeDir”；('$(BuildSharedAssemblies)' == 'true')计算为('false' == 'true')。"
"Message",Low,"由于 false 条件，已跳过任务“MakeDir”；('$(BuildSharedAssemblies)' == 'true')计算为('false' == 'true')。"
"Message",Low,"由于 false 条件，已跳过任务“IlcErrorTask”；('$(PlatformTarget)'=='')计算为('arm'=='')。"
"Message",Low,"任务“ResolveFilePathTask”"
"Message",Low,"已完成执行任务“ResolveFilePathTask”的操作。"
"Message",Low,"由于 false 条件，已跳过任务“IlcErrorTask”；('@(UnresolvedMcgSourceContractsReferencesErrorParameters)'!='')计算为(''!='')。"
"Message",Low,"任务“ResolveFilePathTask”"
"Message",Low,"已完成执行任务“ResolveFilePathTask”的操作。"
"Message",Low,"由于 false 条件，已跳过任务“IlcErrorTask”；('@(UnresolvedMcgSourceFacadeErrorParameters)'!='')计算为(''!='')。"
"Message",Low,"任务“ResolveFilePathTask”"
"Message",Low,"已完成执行任务“ResolveFilePathTask”的操作。"
"Message",Low,"由于 false 条件，已跳过任务“IlcErrorTask”；('@(UnresolvedFinalAssemblyClosureRoots)' != '')计算为('' != '')。"
"Message",Low,"任务“ResolveFilePathTask”"
"Message",Low,"已完成执行任务“ResolveFilePathTask”的操作。"
"Message",Low,"由于 false 条件，已跳过任务“IlcErrorTask”；('@(UnresolvedManagedDllFilesErrorParameters)'!='')计算为(''!='')。"
"Message",Low,"任务“Message”"
"Message",Normal,"Running AssemblyClosureTask in RunILTransforms"
"Message",Low,"已完成执行任务“Message”的操作。"
"Message",Low,"任务“AssemblyClosureTask”"
"Message",Low,"已完成执行任务“AssemblyClosureTask”的操作。"
"Message",Low,"由于 false 条件，已跳过任务“ResolveFilePathTask”；('$(UseSharedAssemblies)' != 'true')计算为('true' != 'true')。"
"Message",Low,"由于 false 条件，已跳过任务“IlcErrorTask”；('@(UnresolvedCoreAssemblyErrorParameters)'!='')计算为(''!='')。"
"Message",Low,"任务“RemoveDuplicates”"
"Message",Low,"已完成执行任务“RemoveDuplicates”的操作。"
"Message",Low,"由于 false 条件，已跳过任务“AddToNativePackageTask”；('@(NeedsClrCompression)' != '')计算为('' != '')。"
"Message",Low,"任务“MakeDir”"
"Message",Normal,"正在创建目录“C:\Users\User\documents\visual studio 2017\Projects\MyWP\MyWP\obj\ARM\Release\ilc\intermediate\SgGenerated”。"
"Message",Low,"已完成执行任务“MakeDir”的操作。"
"Message",Low,"任务“WriteLinesToFile”"
"Message",Low,"已完成执行任务“WriteLinesToFile”的操作。"
"Message",Low,"任务“MakeDir”"
"Message",Normal,"正在创建目录“C:\Users\User\documents\visual studio 2017\Projects\MyWP\MyWP\obj\ARM\Release\ilc\intermediate\ResW\”。"
"Message",Low,"已完成执行任务“MakeDir”的操作。"
"Message",Low,"由于 false 条件，已跳过任务“IlcWarningTask”；('$(BuildSharedAssemblies)' != 'true' and '@(ReducerInputFiles)' == '')计算为('false' != 'true' and 'C:\Users\User\documents\visual studio 2017\Projects\MyWP\MyWP\obj\ARM\Release\ilc\in\Properties\Default.rd.xml' == '')。"
"Message",Low,"任务“ILTransformTask”"
"Message",Normal,"Running 'Analysis' transform, heap at 16 MB."
"Message",Low,"Loading 56 modules..."
"Message",Normal,"Imported reflection directives from 8 files:"
"Message",Normal,"C:\Users\User\documents\visual studio 2017\Projects\MyWP\MyWP\obj\ARM\Release\ilc\in\Properties\Default.rd.xml"
"Message",Normal,"Embedded manifest in System.Diagnostics.Tracing: Resources.System.Diagnostics.Tracing.rd.xml"
"Message",Normal,"Embedded manifest in System.Runtime.Serialization.Primitives: System.Runtime.Serialization.Primitives.Resources.System.Runtime.Serialization.Primitives.rd.xml"
"Message",Normal,"Embedded manifest in System.Private.Reflection: System.Private.Reflection.rd.xml"
"Message",Normal,"Embedded manifest in System.Private.CoreLib: Resources.System.Private.CoreLib.rd.xml"
"Message",Normal,"Embedded manifest in System.Private.Uri: Resources.System.Private.Uri.rd.xml"
"Message",Normal,"Embedded manifest in System.Private.Reflection.Core: System.Private.Reflection.Core.rd.xml"
"Message",Normal,"Embedded manifest in System.Private.Interop: Resources.System.Private.Interop.rd.xml"
"Message",Normal,"Imported XAML Roots from 1 files:"
"Message",Normal,"C:\Users\User\documents\visual studio 2017\Projects\MyWP\MyWP\obj\ARM\Release\ilc\in\MyWP.xr.xml"
"Message",Normal,"Running 'Mcg' transform, heap at 148 MB."
"Message",High,"Computing application closure and generating interop code"
"Message",Normal,"  List of .lib files:"
"Message",Normal,"      WindowsApp.lib"
"Message",Normal,"  List of .lib search paths:"
"Message",Normal,"      C:\Program Files (x86)\Windows Kits\10\lib\10.0.14393.0\um\arm"
"Message",Normal,"  Loading exports from libs..."
"Message",Normal,"      2517 exports read from 'C:\Program Files (x86)\Windows Kits\10\lib\10.0.14393.0\um\arm\WindowsApp.lib'."
"Message",Normal,"  Loading 56 modules..."
"Message",Normal,"  Generating code..."
"Message",Normal,"      Resolving P/invokes..."
"Message",Normal,"          P/Invoke 'RhWaitForPendingFinalizers' could not be resolved but ExactSpelling specified , defaulting to [MRT]!RhWaitForPendingFinalizers"
"Message",Normal,"          P/Invoke 'RhCompatibleReentrantWaitAny' could not be resolved but ExactSpelling specified , defaulting to [MRT]!RhCompatibleReentrantWaitAny"
"Message",Normal,"          P/Invoke '_ecvt_s' could not be resolved but ExactSpelling specified , defaulting to [MRT]!_ecvt_s"
"Message",Normal,"          P/Invoke 'memmove' could not be resolved but ExactSpelling specified , defaulting to [MRT]!memmove"
"Message",Normal,"          P/Invoke 'CallingConventionConverter_GetStubs' could not be resolved but ExactSpelling specified , defaulting to *!CallingConventionConverter_GetStubs"
"Message",Normal,"          P/Invoke 'CallingConventionConverter_SpecifyCommonStubData' could not be resolved but ExactSpelling specified , defaulting to *!CallingConventionConverter_SpecifyCommonStubData"
"Message",Normal,"          P/Invoke 'GetLastError' resolved to api-ms-win-core-errorhandling-l1-1-1.dll!GetLastError"
"Message",Normal,"          P/Invoke 'RoInitialize' resolved to api-ms-win-core-winrt-l1-1-0.dll!RoInitialize"
"Message",Normal,"          P/Invoke 'IsValidLocaleName' resolved to api-ms-win-core-localization-l1-2-1.dll!IsValidLocaleName"
"Message",Normal,"          P/Invoke 'ResolveLocaleName' resolved to api-ms-win-core-localization-l1-2-1.dll!ResolveLocaleName"
"Message",Normal,"          P/Invoke 'GetCPInfoExW' resolved to api-ms-win-core-localization-l1-2-1.dll!GetCPInfoExW"
"Message",Normal,"          P/Invoke 'CoCreateInstance' could not be resolved but ExactSpelling specified , defaulting to api-ms-win-core-com-l1-1-0.dll!CoCreateInstance"
"Message",Normal,"          P/Invoke 'SysFreeString' resolved to oleaut32.dll!#6"
"Message",Normal,"          P/Invoke 'RoGetBufferMarshaler' resolved to api-ms-win-core-winrt-robuffer-l1-1-0.dll!RoGetBufferMarshaler"
"Message",Normal,"  Interop code generated."
"Message",Normal,"  Written code to AssemblyInfo.g.cs"
"Message",Normal,"  Written code to Adapters.g.cs"
"Message",Normal,"  Written code to Data.g.cs"
"Message",Normal,"  Written code to Helpers.g.cs"
"Message",Normal,"  Written code to ImplTypes.g.cs"
"Message",Normal,"  Written code to PInvoke.g.cs"
"Message",Normal,"  Written code to SafeTypes.g.cs"
"Message",Normal,"  Written code to SharedStubs.g.cs"
"Message",Normal,"  Written code to MyWP.ITFProxy.g.cs"
"Message",Normal,"Running 'CompileMcgSourceAndSerializationAssemblyGenerator' transform, heap at 126 MB."
"Message",High,"Generating serialization code"
"Message",High,"Compiling interop code"
"Message",Low,"Compiling MCG output with arguments:  /debug:""pdbonly"" /nowarn:""0436;0618;1668;1685;1701;1702"" /debug+ /nostdlib+ /optimize+ /out:""C:\Users\User\documents\visual studio 2017\Projects\MyWP\MyWP\obj\ARM\Release\ilc\intermediate\MyWP.McgInterop.dll"" /pdb:""C:\Users\User\documents\visual studio 2017\Projects\MyWP\MyWP\obj\ARM\Release\ilc\intermediate\MyWP.McgInterop.pdb"" /platform:""arm"" /warnaserror+ /unsafe /noconfig /nologo /target:library /define:""WIN32"" /define:""ARM"" /define:""MCG_PRE_BUILD"" /r:""C:\Program Files (x86)\MSBuild\15.0\.Net\.NetNative\15.0.24211\ARM\ilc\lib\Private\System.Private.Corelib.dll"" /r:""C:\Program Files (x86)\MSBuild\15.0\.Net\.NetNative\15.0.24211\ARM\ilc\lib\Private\System.Private.Corelib.InteropServices.dll"" /r:""C:\Program Files (x86)\MSBuild\15.0\.Net\.NetNative\15.0.24211\ARM\ilc\lib\Private\System.Private.Interop.dll"" /r:""C:\Users\User\documents\visual studio 2017\Projects\MyWP\MyWP\obj\ARM\Release\ilc\in\System.Private.Uri.dll"" /r:""C:\Program Files (x86)\MSBuild\15.0\.Net\.NetNative\15.0.24211\ARM\ilc\lib\Private\System.Private.CompilerServices.ICastable.dll"" /r:""C:\Program Files (x86)\MSBuild\15.0\.Net\.NetNative\15.0.24211\ARM\ilc\lib\Private\System.Private.Reflection.dll"" /r:""C:\Program Files (x86)\MSBuild\15.0\.Net\.NetNative\15.0.24211\ARM\ilc\lib\Private\System.Private.DispatchProxy.dll"" /r:""C:\Users\User\documents\visual studio 2017\Projects\MyWP\MyWP\obj\ARM\Release\ilc\in\System.Reflection.DispatchProxy.dll"" /r:""C:\Users\User\documents\visual studio 2017\Projects\MyWP\MyWP\obj\ARM\Release\ilc\in\System.Reflection.dll"" /r:""C:\Users\User\documents\visual studio 2017\Projects\MyWP\MyWP\obj\ARM\Release\ilc\in\System.Runtime.dll"" /r:""C:\Users\User\documents\visual studio 2017\Projects\MyWP\MyWP\obj\ARM\Release\ilc\in\System.Runtime.InteropServices.dll"" /r:""C:\Users\User\documents\visual studio 2017\Projects\MyWP\MyWP\obj\ARM\Release\ilc\in\System.Runtime.InteropServices.WindowsRuntime.dll"" /r:""C:\Users\User\documents\visual studio 2017\Projects\MyWP\MyWP\obj\ARM\Release\ilc\in\System.Numerics.Vectors.dll"" /r:""C:\Users\User\documents\visual studio 2017\Projects\MyWP\MyWP\obj\ARM\Release\ilc\in\System.Threading.dll"" /r:""C:\Users\User\documents\visual studio 2017\Projects\MyWP\MyWP\obj\ARM\Release\ilc\in\System.Diagnostics.Debug.dll"" /r:""C:\Users\User\documents\visual studio 2017\Projects\MyWP\MyWP\obj\ARM\Release\ilc\intermediate\TransformedSRWR\System.Runtime.WindowsRuntime.dll"" /r:""C:\Users\User\documents\visual studio 2017\Projects\MyWP\MyWP\obj\ARM\Release\ilc\in\System.Runtime.WindowsRuntime.UI.Xaml.dll"" /r:""C:\Users\User\documents\visual studio 2017\Projects\MyWP\MyWP\obj\ARM\Release\ilc\in\System.Dynamic.Runtime.dll"" /r:""C:\Program Files (x86)\MSBuild\15.0\.Net\.NetNative\15.0.24211\ARM\ilc\lib\Private\System.Private.CoreLib.Augments.dll"" /r:""C:\Users\User\documents\visual studio 2017\Projects\MyWP\MyWP\obj\ARM\Release\ilc\in\System.Runtime.Extensions.dll"" /r:""C:\Users\User\documents\visual studio 2017\Projects\MyWP\MyWP\obj\ARM\Release\ilc\in\System.Collections.dll"" /r:""C:\Users\User\documents\visual studio 2017\Projects\MyWP\MyWP\obj\ARM\Release\ilc\in\System.ObjectModel.dll"" /r:""C:\Program Files (x86)\Microsoft SDKs\Windows Kits\10\ExtensionSDKs\Microsoft.NET.Native.Framework.1.3\1.3\ARM\ret\AnalysisILToc\System.Private.SharedLibrary.Interop.Generated.iltoc"" ""C:\Users\User\documents\visual studio 2017\Projects\MyWP\MyWP\obj\ARM\Release\ilc\intermediate\MyWP.ITFProxy.g.cs"" ""C:\Users\User\documents\visual studio 2017\Projects\MyWP\MyWP\obj\ARM\Release\ilc\intermediate\MyWP.McgInterop\Adapters.g.cs"" ""C:\Users\User\documents\visual studio 2017\Projects\MyWP\MyWP\obj\ARM\Release\ilc\intermediate\MyWP.McgInterop\AssemblyInfo.g.cs"" ""C:\Users\User\documents\visual studio 2017\Projects\MyWP\MyWP\obj\ARM\Release\ilc\intermediate\MyWP.McgInterop\Data.g.cs"" ""C:\Users\User\documents\visual studio 2017\Projects\MyWP\MyWP\obj\ARM\Release\ilc\intermediate\MyWP.McgInterop\Helpers.g.cs"" ""C:\Users\User\documents\visual studio 2017\Projects\MyWP\MyWP\obj\ARM\Release\ilc\intermediate\MyWP.McgInterop\ImplTypes.g.cs"" ""C:\Users\User\documents\visual studio 2017\Projects\MyWP\MyWP\obj\ARM\Release\ilc\intermediate\MyWP.McgInterop\PInvoke.g.cs"" ""C:\Users\User\documents\visual studio 2017\Projects\MyWP\MyWP\obj\ARM\Release\ilc\intermediate\MyWP.McgInterop\SafeTypes.g.cs"" ""C:\Users\User\documents\visual studio 2017\Projects\MyWP\MyWP\obj\ARM\Release\ilc\intermediate\MyWP.McgInterop\SharedStubs.g.cs"""
"Message",Normal,"Running 'DumpNativeResources' transform, heap at 127 MB."
"Message",Normal,"Running 'ReducedCopyInitialize' transform, heap at 127 MB."
"Message",Normal,"Running 'ReducedCopyEmptyTypes' transform, heap at 159 MB."
"Message",Normal,"Running 'ReducedCopyPopulateTypes' transform, heap at 164 MB."
"Message",Normal,"Running 'ReducedCopyLateMetadata' transform, heap at 173 MB."
"Message",Normal,"Running 'ReducedCopyMethodBodies' transform, heap at 182 MB."
"Message",Normal,"Running 'ReducedCopyComplete' transform, heap at 113 MB."
"Message",Normal,"Running 'ReducedCopyCleanup' transform, heap at 127 MB."
"Message",Normal,"Running 'DeveloperExperienceModeOnlyCodeRemover' transform, heap at 127 MB."
"Message",Normal,"Running 'ComImportDetector' transform, heap at 135 MB."
"Message",Normal,"Running 'McgAccessor' transform, heap at 136 MB."
"Message",Normal,"Running 'McgRedirect' transform, heap at 136 MB."
"Message",Normal,"Running 'McgRedirect' transform, heap at 138 MB."
"Message",Normal,"Running 'McgTypeOf' transform, heap at 138 MB."
"Message",Normal,"Running 'ExceptionMiniaturizer' transform, heap at 140 MB."
"Message",Normal,"Running 'EventSource' transform, heap at 149 MB."
"Message",Normal,"Running 'ValueType' transform, heap at 150 MB."
"Message",Normal,"Running 'Attribute' transform, heap at 150 MB."
"Message",Normal,"Running 'GetType' transform, heap at 150 MB."
"Message",Normal,"Running 'McgFixups' transform, heap at 150 MB."
"Message",Normal,"Running 'ResourceManagerCtor' transform, heap at 151 MB."
"Message",Normal,"Running 'TypeofTypeHandle' transform, heap at 151 MB."
"Message",Normal,"Running 'DispatchProxyIntrinsics' transform, heap at 152 MB."
"Message",Normal,"Running 'StaticInitData' transform, heap at 153 MB."
"Message",Normal,"Running 'StartupCodeInjector' transform, heap at 157 MB."
"Message",Normal,"Running 'InjectAppContextSwitches' transform, heap at 158 MB."
"Message",Normal,"Running 'ImplementLibraryDynamicInvokeHelpers' transform, heap at 158 MB."
"Message",Normal,"Running 'Delegate' transform, heap at 158 MB."
"Message",Normal,"Running 'DelegateCtorCall' transform, heap at 163 MB."
"Message",Normal,"Running 'LazyGenerics' transform, heap at 163 MB."
"Message",Normal,"Running 'AddReflectionBlockedAttributes' transform, heap at 169 MB."
"Message",Normal,"Running 'DisableOptimization' transform, heap at 169 MB."
"Message",Normal,"Running 'CreateMetadata' transform, heap at 169 MB."
"Message",Normal,"Running 'SaveRVAStatics' transform, heap at 176 MB."
"Message",Normal,"Running 'ReflectionInvoke' transform, heap at 176 MB."
"Message",Normal,"Running 'ScrubOpenCalls' transform, heap at 176 MB."
"Message",Normal,"Running 'Calli' transform, heap at 177 MB."
"Message",Normal,"Running 'ConvertCatchIntoFilter' transform, heap at 180 MB."
"Message",Normal,"Running 'ReflectionMappingInfoEmit' transform, heap at 180 MB."
"Message",Normal,"Running 'ConvertManagedWinMD' transform, heap at 180 MB."
"Message",Normal,"Running 'Reducer' transform, heap at 180 MB."
"Message",High,"Cleaning up unreferenced code"
"Message",Normal,"Running 'WriteAssemblies' transform, heap at 139 MB."
"Message",Normal,""
"Message",Normal,"Transform summary"
"Message",Normal,"    ms | heap delta | name"
"Message",Normal,"  2929 |        132 | Analysis"
"Message",Normal,"   866 |        -22 | Mcg"
"Message",Normal,"   750 |          1 | CompileMcgSourceAndSerializationAssemblyGenerator"
"Message",Normal,"   385 |         32 | ReducedCopyInitialize"
"Message",Normal,"   334 |        -41 | Reducer"
"Message",Normal,"   333 |         26 | WriteAssemblies"
"Message",Normal,"   151 |         14 | ReducedCopyComplete"
"Message",Normal,"   140 |          7 | CreateMetadata"
"Message",Normal,"   136 |        -69 | ReducedCopyMethodBodies"
"Message",Normal,"    88 |          9 | ReducedCopyPopulateTypes"
"Message",Normal,"    62 |          4 | StaticInitData"
"Message",Normal,"    58 |          9 | ReducedCopyLateMetadata"
"Message",Normal,"    50 |          9 | ExceptionMiniaturizer"
"Message",Normal,"    45 |          2 | McgRedirect"
"Message",Normal,"    41 |          6 | LazyGenerics"
"Message",Normal,"    36 |          2 | McgTypeOf"
"Message",Normal,"    32 |          5 | Delegate"
"Message",Normal,"    27 |          5 | ReducedCopyEmptyTypes"
"Message",Normal,"    27 |          3 | Calli"
"Message",Normal,"    17 |          0 | McgRedirect"
"Message",Normal,"    16 |          1 | McgFixups"
"Message",Normal,"    16 |          1 | TypeofTypeHandle"
"Message",Normal,"    13 |          1 | StartupCodeInjector"
"Message",Normal,"    13 |          0 | McgAccessor"
"Message",Normal,"    11 |          0 | DelegateCtorCall"
"Message",Normal,"     9 |          0 | SaveRVAStatics"
"Message",Normal,"     7 |          8 | DeveloperExperienceModeOnlyCodeRemover"
"Message",Normal,"     5 |          0 | ReflectionMappingInfoEmit"
"Message",Normal,"     5 |          0 | GetType"
"Message",Normal,"     5 |          0 | ReflectionInvoke"
"Message",Normal,"     4 |          1 | DispatchProxyIntrinsics"
"Message",Normal,"     4 |          0 | Attribute"
"Message",Normal,"     3 |          0 | ConvertCatchIntoFilter"
"Message",Normal,"     3 |          1 | ScrubOpenCalls"
"Message",Normal,"     3 |          0 | DumpNativeResources"
"Message",Normal,"     2 |          0 | ResourceManagerCtor"
"Message",Normal,"     2 |          0 | ValueType"
"Message",Normal,"     2 |          1 | EventSource"
"Message",Normal,"     1 |          0 | InjectAppContextSwitches"
"Message",Normal,"     1 |          1 | ComImportDetector"
"Message",Normal,"     1 |          0 | AddReflectionBlockedAttributes"
"Message",Normal,"     0 |          0 | ImplementLibraryDynamicInvokeHelpers"
"Message",Normal,"     0 |          0 | ConvertManagedWinMD"
"Message",Normal,"     0 |          0 | DisableOptimization"
"Message",Normal,"     0 |          0 | ReducedCopyCleanup"
"Message",Low,"已完成执行任务“ILTransformTask”的操作。"
"Message",Low,"由于 false 条件，已跳过任务“WriteLinesToFile”；('$(BuildSharedAssemblies)' == 'true')计算为('false' == 'true')。"
"Message",Low,"已完成在项目“Unnamed_1”中生成目标“RunILTransforms”的操作。"
"Message",Low,"由于条件的计算结果为 false，已跳过目标“CheckSharedAssemblyClosure”；('$(BuildSharedAssemblies)' == 'true')的计算结果为('false' == 'true')。"
"Message",Low,"由于条件的计算结果为 false，已跳过目标“MergePgoCounts”；('$(Pgu)'=='true' and '$(MultiPhasePgd)'!='true')的计算结果为('false'=='true' and 'false'!='true')。"
"Message",Low,"来自项目“C:\Users\User\documents\visual studio 2017\Projects\MyWP\MyWP\Unnamed_1”的文件“C:\Program Files (x86)\MSBuild\15.0\.Net\.NetNative\15.0.24211\ARM\ilc\IlcInternals.targets”中的目标“MDILPrepareMultiFile”(目标“SetBinaryForReferences”依赖于它):"
"Message",Low,"任务“IlcMessageTask”"
"Message",High,"Generating native code"
"Message",Low,"已完成执行任务“IlcMessageTask”的操作。"
"Message",Low,"已完成在项目“Unnamed_1”中生成目标“MDILPrepareMultiFile”的操作。"
"Message",Low,"来自项目“C:\Users\User\documents\visual studio 2017\Projects\MyWP\MyWP\Unnamed_1”的文件“C:\Program Files (x86)\MSBuild\15.0\.Net\.NetNative\15.0.24211\ARM\ilc\IlcInternals.targets”中的目标“SetBinaryForReferences”(目标“SetBinaryForAssemblies”依赖于它):"
"Message",Low,"正在完全生成目标“SetBinaryForReferences”。"
"Message",Low,"未指定输入文件。"
"Message",Low,"已完成在项目“Unnamed_1”中生成目标“SetBinaryForReferences”的操作。"
"Message",Low,"来自项目“C:\Users\User\documents\visual studio 2017\Projects\MyWP\MyWP\Unnamed_1”的文件“C:\Program Files (x86)\MSBuild\15.0\.Net\.NetNative\15.0.24211\ARM\ilc\IlcInternals.targets”中的目标“SetBinaryForReferences”(目标“SetBinaryForAssemblies”依赖于它):"
"Message",Low,"正在完全生成目标“SetBinaryForReferences”。"
"Message",Low,"未指定输入文件。"
"Message",Low,"已完成在项目“Unnamed_1”中生成目标“SetBinaryForReferences”的操作。"
"Message",Low,"来自项目“C:\Users\User\documents\visual studio 2017\Projects\MyWP\MyWP\Unnamed_1”的文件“C:\Program Files (x86)\MSBuild\15.0\.Net\.NetNative\15.0.24211\ARM\ilc\IlcInternals.targets”中的目标“SetBinaryForReferences”(目标“SetBinaryForAssemblies”依赖于它):"
"Message",Low,"正在完全生成目标“SetBinaryForReferences”。"
"Message",Low,"未指定输入文件。"
"Message",Low,"已完成在项目“Unnamed_1”中生成目标“SetBinaryForReferences”的操作。"
"Message",Low,"来自项目“C:\Users\User\documents\visual studio 2017\Projects\MyWP\MyWP\Unnamed_1”的文件“C:\Program Files (x86)\MSBuild\15.0\.Net\.NetNative\15.0.24211\ARM\ilc\IlcInternals.targets”中的目标“SetBinaryForReferences”(目标“SetBinaryForAssemblies”依赖于它):"
"Message",Low,"正在完全生成目标“SetBinaryForReferences”。"
"Message",Low,"未指定输入文件。"
"Message",Low,"已完成在项目“Unnamed_1”中生成目标“SetBinaryForReferences”的操作。"
"Message",Low,"来自项目“C:\Users\User\documents\visual studio 2017\Projects\MyWP\MyWP\Unnamed_1”的文件“C:\Program Files (x86)\MSBuild\15.0\.Net\.NetNative\15.0.24211\ARM\ilc\IlcInternals.targets”中的目标“SetBinaryForReferences”(目标“SetBinaryForAssemblies”依赖于它):"
"Message",Low,"正在完全生成目标“SetBinaryForReferences”。"
"Message",Low,"未指定输入文件。"
"Message",Low,"已完成在项目“Unnamed_1”中生成目标“SetBinaryForReferences”的操作。"
"Message",Low,"来自项目“C:\Users\User\documents\visual studio 2017\Projects\MyWP\MyWP\Unnamed_1”的文件“C:\Program Files (x86)\MSBuild\15.0\.Net\.NetNative\15.0.24211\ARM\ilc\IlcInternals.targets”中的目标“SetBinaryForReferences”(目标“SetBinaryForAssemblies”依赖于它):"
"Message",Low,"正在完全生成目标“SetBinaryForReferences”。"
"Message",Low,"未指定输入文件。"
"Message",Low,"已完成在项目“Unnamed_1”中生成目标“SetBinaryForReferences”的操作。"
"Message",Low,"来自项目“C:\Users\User\documents\visual studio 2017\Projects\MyWP\MyWP\Unnamed_1”的文件“C:\Program Files (x86)\MSBuild\15.0\.Net\.NetNative\15.0.24211\ARM\ilc\IlcInternals.targets”中的目标“SetBinaryForReferences”(目标“SetBinaryForAssemblies”依赖于它):"
"Message",Low,"正在完全生成目标“SetBinaryForReferences”。"
"Message",Low,"未指定输入文件。"
"Message",Low,"已完成在项目“Unnamed_1”中生成目标“SetBinaryForReferences”的操作。"
"Message",Low,"来自项目“C:\Users\User\documents\visual studio 2017\Projects\MyWP\MyWP\Unnamed_1”的文件“C:\Program Files (x86)\MSBuild\15.0\.Net\.NetNative\15.0.24211\ARM\ilc\IlcInternals.targets”中的目标“SetBinaryForReferences”(目标“SetBinaryForAssemblies”依赖于它):"
"Message",Low,"正在完全生成目标“SetBinaryForReferences”。"
"Message",Low,"未指定输入文件。"
"Message",Low,"已完成在项目“Unnamed_1”中生成目标“SetBinaryForReferences”的操作。"
"Message",Low,"来自项目“C:\Users\User\documents\visual studio 2017\Projects\MyWP\MyWP\Unnamed_1”的文件“C:\Program Files (x86)\MSBuild\15.0\.Net\.NetNative\15.0.24211\ARM\ilc\IlcInternals.targets”中的目标“SetBinaryForReferences”(目标“SetBinaryForAssemblies”依赖于它):"
"Message",Low,"正在完全生成目标“SetBinaryForReferences”。"
"Message",Low,"未指定输入文件。"
"Message",Low,"已完成在项目“Unnamed_1”中生成目标“SetBinaryForReferences”的操作。"
"Message",Low,"来自项目“C:\Users\User\documents\visual studio 2017\Projects\MyWP\MyWP\Unnamed_1”的文件“C:\Program Files (x86)\MSBuild\15.0\.Net\.NetNative\15.0.24211\ARM\ilc\IlcInternals.targets”中的目标“SetBinaryForReferences”(目标“SetBinaryForAssemblies”依赖于它):"
"Message",Low,"正在完全生成目标“SetBinaryForReferences”。"
"Message",Low,"未指定输入文件。"
"Message",Low,"已完成在项目“Unnamed_1”中生成目标“SetBinaryForReferences”的操作。"
"Message",Low,"来自项目“C:\Users\User\documents\visual studio 2017\Projects\MyWP\MyWP\Unnamed_1”的文件“C:\Program Files (x86)\MSBuild\15.0\.Net\.NetNative\15.0.24211\ARM\ilc\IlcInternals.targets”中的目标“SetBinaryForReferences”(目标“SetBinaryForAssemblies”依赖于它):"
"Message",Low,"正在完全生成目标“SetBinaryForReferences”。"
"Message",Low,"未指定输入文件。"
"Message",Low,"已完成在项目“Unnamed_1”中生成目标“SetBinaryForReferences”的操作。"
"Message",Low,"来自项目“C:\Users\User\documents\visual studio 2017\Projects\MyWP\MyWP\Unnamed_1”的文件“C:\Program Files (x86)\MSBuild\15.0\.Net\.NetNative\15.0.24211\ARM\ilc\IlcInternals.targets”中的目标“SetBinaryForReferences”(目标“SetBinaryForAssemblies”依赖于它):"
"Message",Low,"正在完全生成目标“SetBinaryForReferences”。"
"Message",Low,"未指定输入文件。"
"Message",Low,"已完成在项目“Unnamed_1”中生成目标“SetBinaryForReferences”的操作。"
"Message",Low,"来自项目“C:\Users\User\documents\visual studio 2017\Projects\MyWP\MyWP\Unnamed_1”的文件“C:\Program Files (x86)\MSBuild\15.0\.Net\.NetNative\15.0.24211\ARM\ilc\IlcInternals.targets”中的目标“SetBinaryForReferences”(目标“SetBinaryForAssemblies”依赖于它):"
"Message",Low,"正在完全生成目标“SetBinaryForReferences”。"
"Message",Low,"未指定输入文件。"
"Message",Low,"已完成在项目“Unnamed_1”中生成目标“SetBinaryForReferences”的操作。"
"Message",Low,"来自项目“C:\Users\User\documents\visual studio 2017\Projects\MyWP\MyWP\Unnamed_1”的文件“C:\Program Files (x86)\MSBuild\15.0\.Net\.NetNative\15.0.24211\ARM\ilc\IlcInternals.targets”中的目标“SetBinaryForReferences”(目标“SetBinaryForAssemblies”依赖于它):"
"Message",Low,"正在完全生成目标“SetBinaryForReferences”。"
"Message",Low,"未指定输入文件。"
"Message",Low,"已完成在项目“Unnamed_1”中生成目标“SetBinaryForReferences”的操作。"
"Message",Low,"来自项目“C:\Users\User\documents\visual studio 2017\Projects\MyWP\MyWP\Unnamed_1”的文件“C:\Program Files (x86)\MSBuild\15.0\.Net\.NetNative\15.0.24211\ARM\ilc\IlcInternals.targets”中的目标“SetBinaryForReferences”(目标“SetBinaryForAssemblies”依赖于它):"
"Message",Low,"正在完全生成目标“SetBinaryForReferences”。"
"Message",Low,"未指定输入文件。"
"Message",Low,"已完成在项目“Unnamed_1”中生成目标“SetBinaryForReferences”的操作。"
"Message",Low,"来自项目“C:\Users\User\documents\visual studio 2017\Projects\MyWP\MyWP\Unnamed_1”的文件“C:\Program Files (x86)\MSBuild\15.0\.Net\.NetNative\15.0.24211\ARM\ilc\IlcInternals.targets”中的目标“SetBinaryForReferences”(目标“SetBinaryForAssemblies”依赖于它):"
"Message",Low,"正在完全生成目标“SetBinaryForReferences”。"
"Message",Low,"未指定输入文件。"
"Message",Low,"已完成在项目“Unnamed_1”中生成目标“SetBinaryForReferences”的操作。"
"Message",Low,"来自项目“C:\Users\User\documents\visual studio 2017\Projects\MyWP\MyWP\Unnamed_1”的文件“C:\Program Files (x86)\MSBuild\15.0\.Net\.NetNative\15.0.24211\ARM\ilc\IlcInternals.targets”中的目标“SetBinaryForReferences”(目标“SetBinaryForAssemblies”依赖于它):"
"Message",Low,"正在完全生成目标“SetBinaryForReferences”。"
"Message",Low,"未指定输入文件。"
"Message",Low,"已完成在项目“Unnamed_1”中生成目标“SetBinaryForReferences”的操作。"
"Message",Low,"来自项目“C:\Users\User\documents\visual studio 2017\Projects\MyWP\MyWP\Unnamed_1”的文件“C:\Program Files (x86)\MSBuild\15.0\.Net\.NetNative\15.0.24211\ARM\ilc\IlcInternals.targets”中的目标“SetBinaryForReferences”(目标“SetBinaryForAssemblies”依赖于它):"
"Message",Low,"正在完全生成目标“SetBinaryForReferences”。"
"Message",Low,"未指定输入文件。"
"Message",Low,"已完成在项目“Unnamed_1”中生成目标“SetBinaryForReferences”的操作。"
"Message",Low,"来自项目“C:\Users\User\documents\visual studio 2017\Projects\MyWP\MyWP\Unnamed_1”的文件“C:\Program Files (x86)\MSBuild\15.0\.Net\.NetNative\15.0.24211\ARM\ilc\IlcInternals.targets”中的目标“SetBinaryForReferences”(目标“SetBinaryForAssemblies”依赖于它):"
"Message",Low,"正在完全生成目标“SetBinaryForReferences”。"
"Message",Low,"未指定输入文件。"
"Message",Low,"已完成在项目“Unnamed_1”中生成目标“SetBinaryForReferences”的操作。"
"Message",Low,"来自项目“C:\Users\User\documents\visual studio 2017\Projects\MyWP\MyWP\Unnamed_1”的文件“C:\Program Files (x86)\MSBuild\15.0\.Net\.NetNative\15.0.24211\ARM\ilc\IlcInternals.targets”中的目标“SetBinaryForReferences”(目标“SetBinaryForAssemblies”依赖于它):"
"Message",Low,"正在完全生成目标“SetBinaryForReferences”。"
"Message",Low,"未指定输入文件。"
"Message",Low,"已完成在项目“Unnamed_1”中生成目标“SetBinaryForReferences”的操作。"
"Message",Low,"来自项目“C:\Users\User\documents\visual studio 2017\Projects\MyWP\MyWP\Unnamed_1”的文件“C:\Program Files (x86)\MSBuild\15.0\.Net\.NetNative\15.0.24211\ARM\ilc\IlcInternals.targets”中的目标“SetBinaryForReferences”(目标“SetBinaryForAssemblies”依赖于它):"
"Message",Low,"正在完全生成目标“SetBinaryForReferences”。"
"Message",Low,"未指定输入文件。"
"Message",Low,"已完成在项目“Unnamed_1”中生成目标“SetBinaryForReferences”的操作。"
"Message",Low,"来自项目“C:\Users\User\documents\visual studio 2017\Projects\MyWP\MyWP\Unnamed_1”的文件“C:\Program Files (x86)\MSBuild\15.0\.Net\.NetNative\15.0.24211\ARM\ilc\IlcInternals.targets”中的目标“SetBinaryForReferences”(目标“SetBinaryForAssemblies”依赖于它):"
"Message",Low,"正在完全生成目标“SetBinaryForReferences”。"
"Message",Low,"未指定输入文件。"
"Message",Low,"已完成在项目“Unnamed_1”中生成目标“SetBinaryForReferences”的操作。"
"Message",Low,"来自项目“C:\Users\User\documents\visual studio 2017\Projects\MyWP\MyWP\Unnamed_1”的文件“C:\Program Files (x86)\MSBuild\15.0\.Net\.NetNative\15.0.24211\ARM\ilc\IlcInternals.targets”中的目标“SetBinaryForReferences”(目标“SetBinaryForAssemblies”依赖于它):"
"Message",Low,"正在完全生成目标“SetBinaryForReferences”。"
"Message",Low,"未指定输入文件。"
"Message",Low,"已完成在项目“Unnamed_1”中生成目标“SetBinaryForReferences”的操作。"
"Message",Low,"来自项目“C:\Users\User\documents\visual studio 2017\Projects\MyWP\MyWP\Unnamed_1”的文件“C:\Program Files (x86)\MSBuild\15.0\.Net\.NetNative\15.0.24211\ARM\ilc\IlcInternals.targets”中的目标“SetBinaryForReferences”(目标“SetBinaryForAssemblies”依赖于它):"
"Message",Low,"正在完全生成目标“SetBinaryForReferences”。"
"Message",Low,"未指定输入文件。"
"Message",Low,"已完成在项目“Unnamed_1”中生成目标“SetBinaryForReferences”的操作。"
"Message",Low,"来自项目“C:\Users\User\documents\visual studio 2017\Projects\MyWP\MyWP\Unnamed_1”的文件“C:\Program Files (x86)\MSBuild\15.0\.Net\.NetNative\15.0.24211\ARM\ilc\IlcInternals.targets”中的目标“SetBinaryForReferences”(目标“SetBinaryForAssemblies”依赖于它):"
"Message",Low,"正在完全生成目标“SetBinaryForReferences”。"
"Message",Low,"未指定输入文件。"
"Message",Low,"已完成在项目“Unnamed_1”中生成目标“SetBinaryForReferences”的操作。"
"Message",Low,"来自项目“C:\Users\User\documents\visual studio 2017\Projects\MyWP\MyWP\Unnamed_1”的文件“C:\Program Files (x86)\MSBuild\15.0\.Net\.NetNative\15.0.24211\ARM\ilc\IlcInternals.targets”中的目标“SetBinaryForReferences”(目标“SetBinaryForAssemblies”依赖于它):"
"Message",Low,"正在完全生成目标“SetBinaryForReferences”。"
"Message",Low,"未指定输入文件。"
"Message",Low,"已完成在项目“Unnamed_1”中生成目标“SetBinaryForReferences”的操作。"
"Message",Low,"来自项目“C:\Users\User\documents\visual studio 2017\Projects\MyWP\MyWP\Unnamed_1”的文件“C:\Program Files (x86)\MSBuild\15.0\.Net\.NetNative\15.0.24211\ARM\ilc\IlcInternals.targets”中的目标“SetBinaryForReferences”(目标“SetBinaryForAssemblies”依赖于它):"
"Message",Low,"正在完全生成目标“SetBinaryForReferences”。"
"Message",Low,"未指定输入文件。"
"Message",Low,"已完成在项目“Unnamed_1”中生成目标“SetBinaryForReferences”的操作。"
"Message",Low,"来自项目“C:\Users\User\documents\visual studio 2017\Projects\MyWP\MyWP\Unnamed_1”的文件“C:\Program Files (x86)\MSBuild\15.0\.Net\.NetNative\15.0.24211\ARM\ilc\IlcInternals.targets”中的目标“SetBinaryForReferences”(目标“SetBinaryForAssemblies”依赖于它):"
"Message",Low,"正在完全生成目标“SetBinaryForReferences”。"
"Message",Low,"未指定输入文件。"
"Message",Low,"已完成在项目“Unnamed_1”中生成目标“SetBinaryForReferences”的操作。"
"Message",Low,"来自项目“C:\Users\User\documents\visual studio 2017\Projects\MyWP\MyWP\Unnamed_1”的文件“C:\Program Files (x86)\MSBuild\15.0\.Net\.NetNative\15.0.24211\ARM\ilc\IlcInternals.targets”中的目标“SetBinaryForReferences”(目标“SetBinaryForAssemblies”依赖于它):"
"Message",Low,"正在完全生成目标“SetBinaryForReferences”。"
"Message",Low,"未指定输入文件。"
"Message",Low,"已完成在项目“Unnamed_1”中生成目标“SetBinaryForReferences”的操作。"
"Message",Low,"来自项目“C:\Users\User\documents\visual studio 2017\Projects\MyWP\MyWP\Unnamed_1”的文件“C:\Program Files (x86)\MSBuild\15.0\.Net\.NetNative\15.0.24211\ARM\ilc\IlcInternals.targets”中的目标“SetBinaryForReferences”(目标“SetBinaryForAssemblies”依赖于它):"
"Message",Low,"正在完全生成目标“SetBinaryForReferences”。"
"Message",Low,"未指定输入文件。"
"Message",Low,"已完成在项目“Unnamed_1”中生成目标“SetBinaryForReferences”的操作。"
"Message",Low,"来自项目“C:\Users\User\documents\visual studio 2017\Projects\MyWP\MyWP\Unnamed_1”的文件“C:\Program Files (x86)\MSBuild\15.0\.Net\.NetNative\15.0.24211\ARM\ilc\IlcInternals.targets”中的目标“SetBinaryForReferences”(目标“SetBinaryForAssemblies”依赖于它):"
"Message",Low,"正在完全生成目标“SetBinaryForReferences”。"
"Message",Low,"未指定输入文件。"
"Message",Low,"已完成在项目“Unnamed_1”中生成目标“SetBinaryForReferences”的操作。"
"Message",Low,"来自项目“C:\Users\User\documents\visual studio 2017\Projects\MyWP\MyWP\Unnamed_1”的文件“C:\Program Files (x86)\MSBuild\15.0\.Net\.NetNative\15.0.24211\ARM\ilc\IlcInternals.targets”中的目标“SetBinaryForReferences”(目标“SetBinaryForAssemblies”依赖于它):"
"Message",Low,"正在完全生成目标“SetBinaryForReferences”。"
"Message",Low,"未指定输入文件。"
"Message",Low,"已完成在项目“Unnamed_1”中生成目标“SetBinaryForReferences”的操作。"
"Message",Low,"来自项目“C:\Users\User\documents\visual studio 2017\Projects\MyWP\MyWP\Unnamed_1”的文件“C:\Program Files (x86)\MSBuild\15.0\.Net\.NetNative\15.0.24211\ARM\ilc\IlcInternals.targets”中的目标“SetBinaryForReferences”(目标“SetBinaryForAssemblies”依赖于它):"
"Message",Low,"正在完全生成目标“SetBinaryForReferences”。"
"Message",Low,"未指定输入文件。"
"Message",Low,"已完成在项目“Unnamed_1”中生成目标“SetBinaryForReferences”的操作。"
"Message",Low,"来自项目“C:\Users\User\documents\visual studio 2017\Projects\MyWP\MyWP\Unnamed_1”的文件“C:\Program Files (x86)\MSBuild\15.0\.Net\.NetNative\15.0.24211\ARM\ilc\IlcInternals.targets”中的目标“SetBinaryForReferences”(目标“SetBinaryForAssemblies”依赖于它):"
"Message",Low,"正在完全生成目标“SetBinaryForReferences”。"
"Message",Low,"未指定输入文件。"
"Message",Low,"已完成在项目“Unnamed_1”中生成目标“SetBinaryForReferences”的操作。"
"Message",Low,"来自项目“C:\Users\User\documents\visual studio 2017\Projects\MyWP\MyWP\Unnamed_1”的文件“C:\Program Files (x86)\MSBuild\15.0\.Net\.NetNative\15.0.24211\ARM\ilc\IlcInternals.targets”中的目标“SetBinaryForReferences”(目标“SetBinaryForAssemblies”依赖于它):"
"Message",Low,"正在完全生成目标“SetBinaryForReferences”。"
"Message",Low,"未指定输入文件。"
"Message",Low,"已完成在项目“Unnamed_1”中生成目标“SetBinaryForReferences”的操作。"
"Message",Low,"来自项目“C:\Users\User\documents\visual studio 2017\Projects\MyWP\MyWP\Unnamed_1”的文件“C:\Program Files (x86)\MSBuild\15.0\.Net\.NetNative\15.0.24211\ARM\ilc\IlcInternals.targets”中的目标“SetBinaryForReferences”(目标“SetBinaryForAssemblies”依赖于它):"
"Message",Low,"正在完全生成目标“SetBinaryForReferences”。"
"Message",Low,"未指定输入文件。"
"Message",Low,"已完成在项目“Unnamed_1”中生成目标“SetBinaryForReferences”的操作。"
"Message",Low,"来自项目“C:\Users\User\documents\visual studio 2017\Projects\MyWP\MyWP\Unnamed_1”的文件“C:\Program Files (x86)\MSBuild\15.0\.Net\.NetNative\15.0.24211\ARM\ilc\IlcInternals.targets”中的目标“SetBinaryForReferences”(目标“SetBinaryForAssemblies”依赖于它):"
"Message",Low,"正在完全生成目标“SetBinaryForReferences”。"
"Message",Low,"未指定输入文件。"
"Message",Low,"已完成在项目“Unnamed_1”中生成目标“SetBinaryForReferences”的操作。"
"Message",Low,"来自项目“C:\Users\User\documents\visual studio 2017\Projects\MyWP\MyWP\Unnamed_1”的文件“C:\Program Files (x86)\MSBuild\15.0\.Net\.NetNative\15.0.24211\ARM\ilc\IlcInternals.targets”中的目标“SetBinaryForReferences”(目标“SetBinaryForAssemblies”依赖于它):"
"Message",Low,"正在完全生成目标“SetBinaryForReferences”。"
"Message",Low,"未指定输入文件。"
"Message",Low,"已完成在项目“Unnamed_1”中生成目标“SetBinaryForReferences”的操作。"
"Message",Low,"来自项目“C:\Users\User\documents\visual studio 2017\Projects\MyWP\MyWP\Unnamed_1”的文件“C:\Program Files (x86)\MSBuild\15.0\.Net\.NetNative\15.0.24211\ARM\ilc\IlcInternals.targets”中的目标“SetBinaryForReferences”(目标“SetBinaryForAssemblies”依赖于它):"
"Message",Low,"正在完全生成目标“SetBinaryForReferences”。"
"Message",Low,"未指定输入文件。"
"Message",Low,"已完成在项目“Unnamed_1”中生成目标“SetBinaryForReferences”的操作。"
"Message",Low,"来自项目“C:\Users\User\documents\visual studio 2017\Projects\MyWP\MyWP\Unnamed_1”的文件“C:\Program Files (x86)\MSBuild\15.0\.Net\.NetNative\15.0.24211\ARM\ilc\IlcInternals.targets”中的目标“SetBinaryForReferences”(目标“SetBinaryForAssemblies”依赖于它):"
"Message",Low,"正在完全生成目标“SetBinaryForReferences”。"
"Message",Low,"未指定输入文件。"
"Message",Low,"已完成在项目“Unnamed_1”中生成目标“SetBinaryForReferences”的操作。"
"Message",Low,"来自项目“C:\Users\User\documents\visual studio 2017\Projects\MyWP\MyWP\Unnamed_1”的文件“C:\Program Files (x86)\MSBuild\15.0\.Net\.NetNative\15.0.24211\ARM\ilc\IlcInternals.targets”中的目标“SetBinaryForReferences”(目标“SetBinaryForAssemblies”依赖于它):"
"Message",Low,"正在完全生成目标“SetBinaryForReferences”。"
"Message",Low,"未指定输入文件。"
"Message",Low,"已完成在项目“Unnamed_1”中生成目标“SetBinaryForReferences”的操作。"
"Message",Low,"来自项目“C:\Users\User\documents\visual studio 2017\Projects\MyWP\MyWP\Unnamed_1”的文件“C:\Program Files (x86)\MSBuild\15.0\.Net\.NetNative\15.0.24211\ARM\ilc\IlcInternals.targets”中的目标“SetBinaryForReferences”(目标“SetBinaryForAssemblies”依赖于它):"
"Message",Low,"正在完全生成目标“SetBinaryForReferences”。"
"Message",Low,"未指定输入文件。"
"Message",Low,"已完成在项目“Unnamed_1”中生成目标“SetBinaryForReferences”的操作。"
"Message",Low,"来自项目“C:\Users\User\documents\visual studio 2017\Projects\MyWP\MyWP\Unnamed_1”的文件“C:\Program Files (x86)\MSBuild\15.0\.Net\.NetNative\15.0.24211\ARM\ilc\IlcInternals.targets”中的目标“SetBinaryForReferences”(目标“SetBinaryForAssemblies”依赖于它):"
"Message",Low,"正在完全生成目标“SetBinaryForReferences”。"
"Message",Low,"未指定输入文件。"
"Message",Low,"已完成在项目“Unnamed_1”中生成目标“SetBinaryForReferences”的操作。"
"Message",Low,"来自项目“C:\Users\User\documents\visual studio 2017\Projects\MyWP\MyWP\Unnamed_1”的文件“C:\Program Files (x86)\MSBuild\15.0\.Net\.NetNative\15.0.24211\ARM\ilc\IlcInternals.targets”中的目标“SetBinaryForReferences”(目标“SetBinaryForAssemblies”依赖于它):"
"Message",Low,"正在完全生成目标“SetBinaryForReferences”。"
"Message",Low,"未指定输入文件。"
"Message",Low,"已完成在项目“Unnamed_1”中生成目标“SetBinaryForReferences”的操作。"
"Message",Low,"来自项目“C:\Users\User\documents\visual studio 2017\Projects\MyWP\MyWP\Unnamed_1”的文件“C:\Program Files (x86)\MSBuild\15.0\.Net\.NetNative\15.0.24211\ARM\ilc\IlcInternals.targets”中的目标“SetBinaryForAssemblies”(目标“GenerateMDILGlobalAnalysis”依赖于它):"
"Message",Low,"已完成在项目“Unnamed_1”中生成目标“SetBinaryForAssemblies”的操作。"
"Message",Low,"来自项目“C:\Users\User\documents\visual studio 2017\Projects\MyWP\MyWP\Unnamed_1”的文件“C:\Program Files (x86)\MSBuild\15.0\.Net\.NetNative\15.0.24211\ARM\ilc\IlcInternals.targets”中的目标“GenerateMDILGlobalAnalysis”(目标“GenerateMDILMultiFileSingleProcess”依赖于它):"
"Message",Low,"正在完全生成目标“GenerateMDILGlobalAnalysis”。"
"Message",Low,"输出文件“C:\Users\User\documents\visual studio 2017\Projects\MyWP\MyWP\obj\ARM\Release\ilc\intermediate\Toc\MyWP.toc”不存在。"
"Message",Low,"任务“MakeDir”"
"Message",Normal,"正在创建目录“C:\Users\User\documents\visual studio 2017\Projects\MyWP\MyWP\obj\ARM\Release\ilc\intermediate\Toc\”。"
"Message",Normal,"正在创建目录“C:\Users\User\documents\visual studio 2017\Projects\MyWP\MyWP\obj\ARM\Release\ilc\intermediate\MDIL\”。"
"Message",Low,"已完成执行任务“MakeDir”的操作。"
"Message",Low,"任务“WriteLinesToFile”"
"Message",Low,"已完成执行任务“WriteLinesToFile”的操作。"
"Message",Low,"任务“StartProcessTask”"
"Message",Normal,"Launching 'C:\Program Files (x86)\MSBuild\15.0\.Net\.NetNative\15.0.24211\ARM\ilc\Tools\nutc_driver.exe @""C:\Users\User\documents\visual studio 2017\Projects\MyWP\MyWP\obj\ARM\Release\ilc\intermediate\MDIL\MyWP.rsp""'"
"Message",Low,"Microsoft (R) MDIL Compiler - Version 1.4.24211.00"
"Message",Low,"Copyright (c) Microsoft Corporation.  All rights reserved."
"Message",Low,"Scanning input types"
"Message",Low,"Scanning 622 methods."
"Message",Low,"Scanning 749 methods."
"Message",Low,"Scanning 374 methods."
"Message",Low,"Scanning 209 methods."
"Message",Low,"Scanning 1448 methods."
"Message",Low,"Scanning 884 methods."
"Message",Low,"Scanning 435 methods."
"Message",Low,"Scanning 372 methods."
"Message",Low,"Scanning 122 methods."
"Message",Low,"Scanning 29 methods."
"Message",Low,"Scanning 25 methods."
"Message",Low,"Scanning 10 methods."
"Message",Low,"Scanning 6 methods."
"Message",Low,"Scanning 2 methods."
"Message",Low,"Scanning 3 methods."
"Message",Low,"Scanning 18 methods."
"Message",Low,"Scanning 40 methods."
"Message",Low,"Scanning 54 methods."
"Message",Low,"Scanning 101 methods."
"Message",Low,"Scanning 69 methods."
"Message",Low,"Scanning 42 methods."
"Message",Low,"Scanning 4 methods."
"Message",Low,"Eager code generation"
"Message",Low,"Compiling 5618 methods."
"Message",Low,"Deferred code generation"
"Message",Low,"Successfully generated 'C:\Users\User\documents\visual studio 2017\Projects\MyWP\MyWP\obj\ARM\Release\ilc\intermediate\MDIL\MyWP.mdilexe'"
"Message",Low,"Successfully generated 'C:\Users\User\documents\visual studio 2017\Projects\MyWP\MyWP\obj\ARM\Release\ilc\intermediate\MDIL\MyWP.mdilpdb'"
"Message",Normal,"'C:\Program Files (x86)\MSBuild\15.0\.Net\.NetNative\15.0.24211\ARM\ilc\Tools\nutc_driver.exe @""C:\Users\User\documents\visual studio 2017\Projects\MyWP\MyWP\obj\ARM\Release\ilc\intermediate\MDIL\MyWP.rsp""' completed."
"Message",Normal,"Process execution statistics (all times in milliseconds)"
"Message",Normal,"-----------------------------------------------------------------------------"
"Message",Normal,"launch  |  start   |   stop   |   end    | duration | lifetime | [slot] name"
"Message",Normal,"-----------------------------------------------------------------------------"
"Message",Normal,"       0 |       16 |     3172 |     3172 |     3156 |     3172 | [0] Nutc GlobalAnalysis"
"Message",Normal,"Number of commands:      1"
"Message",Normal,"Total system time:       3172 ms"
"Message",Normal,"System time per command: 3172 ms"
"Message",Normal,"Total duration:          3156 ms"
"Message",Normal,"Total lifetime:          3172 ms"
"Message",Normal,"Requested DOP:           4"
"Message",Normal,"Duration DOP:            1.0"
"Message",Normal,"Lifetime DOP:            1.0"
"Message",Low,"已完成执行任务“StartProcessTask”的操作。"
"Message",Low,"已完成在项目“Unnamed_1”中生成目标“GenerateMDILGlobalAnalysis”的操作。"
"Message",Low,"来自项目“C:\Users\User\documents\visual studio 2017\Projects\MyWP\MyWP\Unnamed_1”的文件“C:\Program Files (x86)\MSBuild\15.0\.Net\.NetNative\15.0.24211\ARM\ilc\IlcInternals.targets”中的目标“GenerateMDILMultiFileSingleProcess”(目标“GenerateMDIL”依赖于它):"
"Message",Low,"正在完全生成目标“GenerateMDILMultiFileSingleProcess”。"
"Message",Low,"未指定输入文件。"
"Message",Low,"已完成在项目“Unnamed_1”中生成目标“GenerateMDILMultiFileSingleProcess”的操作。"
"Message",Low,"来自项目“C:\Users\User\documents\visual studio 2017\Projects\MyWP\MyWP\Unnamed_1”的文件“C:\Program Files (x86)\MSBuild\15.0\.Net\.NetNative\15.0.24211\ARM\ilc\IlcInternals.targets”中的目标“GenerateMDIL”(目标“MDILBindPrepare”依赖于它):"
"Message",Low,"正在完全生成目标“GenerateMDIL”。"
"Message",Low,"输入文件“C:\Users\User\documents\visual studio 2017\Projects\MyWP\MyWP\obj\ARM\Release\ilc\intermediate\nutcargs.rsp”不存在。"
"Message",Low,"已完成在项目“Unnamed_1”中生成目标“GenerateMDIL”的操作。"
"Message",Low,"来自项目“C:\Users\User\documents\visual studio 2017\Projects\MyWP\MyWP\Unnamed_1”的文件“C:\Program Files (x86)\MSBuild\15.0\.Net\.NetNative\15.0.24211\ARM\ilc\IlcInternals.targets”中的目标“GenerateBuildInfo”(目标“MDILBindPrepare”依赖于它):"
"Message",Low,"正在完全生成目标“GenerateBuildInfo”。"
"Message",Low,"输出文件“C:\Users\User\documents\visual studio 2017\Projects\MyWP\MyWP\obj\ARM\Release\ilc\intermediate\Native.res”不存在。"
"Message",Low,"任务“StartProcessTask”"
"Message",Normal,"Launching 'C:\Program Files (x86)\Windows Kits\10\bin\x64\rc.exe /c 65001 /r /fo ""C:\Users\User\documents\visual studio 2017\Projects\MyWP\MyWP\obj\ARM\Release\ilc\intermediate\BuildInfo\BuildInfo.res"" ""C:\Users\User\documents\visual studio 2017\Projects\MyWP\MyWP\obj\ARM\Release\ilc\intermediate\BuildInfo\BuildInfo.rc""'"
"Message",Low,"Microsoft (R) Windows (R) Resource Compiler Version 10.0.10011.16384"
"Message",Low,"Copyright (C) Microsoft Corporation.  All rights reserved."
"Message",Normal,"'C:\Program Files (x86)\Windows Kits\10\bin\x64\rc.exe /c 65001 /r /fo ""C:\Users\User\documents\visual studio 2017\Projects\MyWP\MyWP\obj\ARM\Release\ilc\intermediate\BuildInfo\BuildInfo.res"" ""C:\Users\User\documents\visual studio 2017\Projects\MyWP\MyWP\obj\ARM\Release\ilc\intermediate\BuildInfo\BuildInfo.rc""' completed."
"Message",Normal,"Process execution statistics (all times in milliseconds)"
"Message",Normal,"-----------------------------------------------------------------------------"
"Message",Normal,"launch  |  start   |   stop   |   end    | duration | lifetime | [slot] name"
"Message",Normal,"-----------------------------------------------------------------------------"
"Message",Normal,"       0 |       16 |       32 |       32 |       16 |       32 | [0] RC"
"Message",Normal,"Number of commands:      1"
"Message",Normal,"Total system time:       32 ms"
"Message",Normal,"System time per command: 32 ms"
"Message",Normal,"Total duration:          16 ms"
"Message",Normal,"Total lifetime:          32 ms"
"Message",Normal,"Requested DOP:           4"
"Message",Normal,"Duration DOP:            0.5"
"Message",Normal,"Lifetime DOP:            1.0"
"Message",Low,"已完成执行任务“StartProcessTask”的操作。"
"Message",Low,"正在使用程序集“Microsoft.Build.ILTasks”中的“BinaryConcatenateTask”任务。"
"Message",Low,"任务“BinaryConcatenateTask”"
"Message",Normal,"Concatenating into 'C:\Users\User\documents\visual studio 2017\Projects\MyWP\MyWP\obj\ARM\Release\ilc\intermediate\Native.res' with alignment '4'."
"Message",Normal," Added 'C:\Users\User\documents\visual studio 2017\Projects\MyWP\MyWP\obj\ARM\Release\ilc\intermediate\ILTransformed\MyWP.res' at offset 0."
"Message",Normal," Added 'C:\Users\User\documents\visual studio 2017\Projects\MyWP\MyWP\obj\ARM\Release\ilc\intermediate\BuildInfo\BuildInfo.res' at offset 1352."
"Message",Low,"已完成执行任务“BinaryConcatenateTask”的操作。"
"Message",Low,"已完成在项目“Unnamed_1”中生成目标“GenerateBuildInfo”的操作。"
"Message",Low,"来自项目“C:\Users\User\documents\visual studio 2017\Projects\MyWP\MyWP\Unnamed_1”的文件“C:\Program Files (x86)\MSBuild\15.0\.Net\.NetNative\15.0.24211\ARM\ilc\IlcInternals.targets”中的目标“MDILBindPrepare”(目标“MDILBindCreateResponseFiles”依赖于它):"
"Message",Low,"任务“MakeDir”"
"Message",Normal,"正在创建目录“C:\Users\User\documents\visual studio 2017\Projects\MyWP\MyWP\obj\ARM\Release\ilc\intermediate\Native\”。"
"Message",Low,"已完成执行任务“MakeDir”的操作。"
"Message",Low,"由于 false 条件，已跳过任务“StartProcessTask”；('$(Pgi)'=='true')计算为('false'=='true')。"
"Message",Low,"已完成在项目“Unnamed_1”中生成目标“MDILBindPrepare”的操作。"
"Message",Low,"来自项目“C:\Users\User\documents\visual studio 2017\Projects\MyWP\MyWP\Unnamed_1”的文件“C:\Program Files (x86)\MSBuild\15.0\.Net\.NetNative\15.0.24211\ARM\ilc\IlcInternals.targets”中的目标“MDILBindCreateResponseFiles”(目标“MDILBind”依赖于它):"
"Message",Low,"正在完全生成目标“MDILBindCreateResponseFiles”。"
"Message",Low,"输出文件“C:\Users\User\documents\visual studio 2017\Projects\MyWP\MyWP\obj\ARM\Release\ilc\intermediate\rhbindargs.MyWP.rsp”不存在。"
"Message",Low,"任务“WriteLinesToFile”"
"Message",Low,"已完成执行任务“WriteLinesToFile”的操作。"
"Message",Low,"已完成在项目“Unnamed_1”中生成目标“MDILBindCreateResponseFiles”的操作。"
"Message",Low,"来自项目“C:\Users\User\documents\visual studio 2017\Projects\MyWP\MyWP\Unnamed_1”的文件“C:\Program Files (x86)\MSBuild\15.0\.Net\.NetNative\15.0.24211\ARM\ilc\IlcInternals.targets”中的目标“MDILBind”(目标“CopyNativeExecutablesToOutput”依赖于它):"
"Message",Low,"正在完全生成目标“MDILBind”。"
"Message",Low,"输出文件“C:\Users\User\documents\visual studio 2017\Projects\MyWP\MyWP\obj\ARM\Release\ilc\intermediate\Native\MyWP.exe”不存在。"
"Message",Low,"任务“IlcMessageTask”"
"Message",High,"Generating fixups for native code"
"Message",Low,"已完成执行任务“IlcMessageTask”的操作。"
"Message",Low,"任务“StartProcessTask”"
"Message",Normal,"Launching 'C:\Program Files (x86)\MSBuild\15.0\.Net\.NetNative\15.0.24211\ARM\ilc\Tools\rhbind.exe @""C:\Users\User\documents\visual studio 2017\Projects\MyWP\MyWP\obj\ARM\Release\ilc\intermediate\rhbindargs.MyWP.rsp""'"
"Message",Low,"OS VERSION: major: 6  minor: 2"
"Message",Low,"MDIL: C:\Users\User\documents\visual studio 2017\Projects\MyWP\MyWP\obj\ARM\Release\ilc\intermediate\MDIL\MyWP.mdilexe"
"Message",Low,"MDILPDB: C:\Users\User\documents\visual studio 2017\Projects\MyWP\MyWP\obj\ARM\Release\ilc\intermediate\MDIL\MyWP.mdilpdb"
"Message",Low,"IL: C:\Users\User\documents\visual studio 2017\Projects\MyWP\MyWP\obj\ARM\Release\ilc\intermediate\MDIL\MyWP.ilexe"
"Message",Low,"NI: C:\Users\User\documents\visual studio 2017\Projects\MyWP\MyWP\obj\ARM\Release\ilc\intermediate\Native\MyWP.dll"
"Message",Low,"SHIM: C:\Users\User\documents\visual studio 2017\Projects\MyWP\MyWP\obj\ARM\Release\ilc\intermediate\Native\MyWP.exe"
"Message",Low,"REDHAWK_RUNTIME_DLL_NAME_A=mrt100_app.dll"
"Message",Low,"pdb: C:\Users\User\documents\visual studio 2017\Projects\MyWP\MyWP\obj\ARM\Release\ilc\intermediate\Native\MyWP.pdb"
"Message",Low,"Produced C:\Users\User\documents\visual studio 2017\Projects\MyWP\MyWP\obj\ARM\Release\ilc\intermediate\Native\MyWP.dll in 0.259 seconds"
"Message",Normal,"'C:\Program Files (x86)\MSBuild\15.0\.Net\.NetNative\15.0.24211\ARM\ilc\Tools\rhbind.exe @""C:\Users\User\documents\visual studio 2017\Projects\MyWP\MyWP\obj\ARM\Release\ilc\intermediate\rhbindargs.MyWP.rsp""' completed."
"Message",Normal,"Process execution statistics (all times in milliseconds)"
"Message",Normal,"-----------------------------------------------------------------------------"
"Message",Normal,"launch  |  start   |   stop   |   end    | duration | lifetime | [slot] name"
"Message",Normal,"-----------------------------------------------------------------------------"
"Message",Normal,"       0 |       15 |      281 |      281 |      266 |      281 | [0] rhbind MyWP"
"Message",Normal,"Number of commands:      1"
"Message",Normal,"Total system time:       281 ms"
"Message",Normal,"System time per command: 281 ms"
"Message",Normal,"Total duration:          266 ms"
"Message",Normal,"Total lifetime:          281 ms"
"Message",Normal,"Requested DOP:           4"
"Message",Normal,"Duration DOP:            0.9"
"Message",Normal,"Lifetime DOP:            1.0"
"Message",Low,"已完成执行任务“StartProcessTask”的操作。"
"Message",Low,"由于 false 条件，已跳过任务“Move”；('$(PdbPath)'!='')计算为(''!='')。"
"Message",Low,"已完成在项目“Unnamed_1”中生成目标“MDILBind”的操作。"
"Message",Low,"由于条件的计算结果为 false，已跳过目标“EmitDependentLibraryListFile”；('$(BuildSharedAssemblies)' == 'true' and '$(OutSharedLibraryName)' != '$(CoreSharedLibraryName)')的计算结果为('false' == 'true' and 'SharedLibrary' != 'SharedLibrary')。"
"Message",Low,"来自项目“C:\Users\User\documents\visual studio 2017\Projects\MyWP\MyWP\Unnamed_1”的文件“C:\Program Files (x86)\MSBuild\15.0\.Net\.NetNative\15.0.24211\ARM\ilc\IlcInternals.targets”中的目标“CopyNativeExecutablesToOutput”(目标“Build”依赖于它):"
"Message",Low,"正在使用程序集“C:\Program Files (x86)\MSBuild\15.0\.Net\.NetNative\15.0.24211\ARM\ilc\ilc.exe”中的“AddToNativePackageTask”任务。"
"Message",Low,"任务“AddToNativePackageTask”"
"Message",Low,"已完成执行任务“AddToNativePackageTask”的操作。"
"Message",Low,"任务“AddToNativePackageTask”"
"Message",Low,"已完成执行任务“AddToNativePackageTask”的操作。"
"Message",Low,"由于 false 条件，已跳过任务“AddToNativePackageTask”；('$(InternalFeatureSwitch_R2R)' == 'true')计算为('' == 'true')。"
"Message",Low,"由于 false 条件，已跳过任务“AddToNativePackageTask”；('$(BuildSharedAssemblies)' != 'true' and '$(AllowAppLocalMrt)' == 'true')计算为('false' != 'true' and 'false' == 'true')。"
"Message",Low,"由于 false 条件，已跳过任务“AddToNativePackageTask”；('$(BuildSharedAssemblies)' == 'true')计算为('false' == 'true')。"
"Message",Low,"由于 false 条件，已跳过任务“AddToNativePackageTask”；('$(BuildSharedAssemblies)' == 'true' and '$(OutSharedLibraryName)' != '$(CoreSharedLibraryName)')计算为('false' == 'true' and 'SharedLibrary' != 'SharedLibrary')。"
"Message",Low,"由于 false 条件，已跳过任务“AddToNativePackageTask”；('$(BuildSharedAssemblies)' == 'true')计算为('false' == 'true')。"
"Message",Low,"由于 false 条件，已跳过任务“AddToNativePackageTask”；('$(BuildSharedAssemblies)' == 'true')计算为('false' == 'true')。"
"Message",Low,"由于 false 条件，已跳过任务“AddToNativePackageTask”；('$(BuildSharedAssemblies)' == 'true')计算为('false' == 'true')。"
"Message",Low,"由于 false 条件，已跳过任务“AddToNativePackageTask”；('$(BuildSharedAssemblies)' == 'true')计算为('false' == 'true')。"
"Message",Low,"由于 false 条件，已跳过任务“AddToNativePackageTask”；('$(BuildSharedAssemblies)' == 'true')计算为('false' == 'true')。"
"Message",Low,"由于 false 条件，已跳过任务“AddToNativePackageTask”；('$(BuildSharedAssemblies)' == 'true')计算为('false' == 'true')。"
"Message",Low,"由于 false 条件，已跳过任务“AddToNativePackageTask”；('$(BuildSharedAssemblies)' == 'true')计算为('false' == 'true')。"
"Message",Low,"由于 false 条件，已跳过任务“AddToNativePackageTask”；('$(BuildSharedAssemblies)' == 'true')计算为('false' == 'true')。"
"Message",Low,"由于 false 条件，已跳过任务“AddToNativePackageTask”；('$(BuildSharedAssemblies)' == 'true')计算为('false' == 'true')。"
"Message",Low,"由于 false 条件，已跳过任务“AddToNativePackageTask”；('$(Pgi)'=='true' And '$(BuildSharedAssemblies)' != 'true')计算为('false'=='true' And 'false' != 'true')。"
"Message",Low,"由于 false 条件，已跳过任务“AddToNativePackageTask”；('$(Pgi)'=='true' And '$(BuildSharedAssemblies)' == 'true')计算为('false'=='true' And 'false' == 'true')。"
"Message",Low,"由于 false 条件，已跳过任务“AddToNativePackageTask”；('$(BuildSharedAssemblies)' == 'true')计算为('false' == 'true')。"
"Message",Low,"由于 false 条件，已跳过任务“AddToNativePackageTask”；('$(BuildSharedAssemblies)' == 'true')计算为('false' == 'true')。"
"Message",Low,"由于 false 条件，已跳过任务“AddToNativePackageTask”；('$(BuildSharedAssemblies)'=='true' and '@(SharedFrameworkReswFiles)' != '')计算为('false'=='true' and '' != '')。"
"Message",Low,"由于 false 条件，已跳过任务“AddToNativePackageTask”；('$(UseFrameworkPackage)' != 'true' and '@(InputSharedLibrariesToCopy)' != '')计算为('True' != 'true' and 'C:\Program Files (x86)\Microsoft SDKs\Windows Kits\10\ExtensionSDKs\Microsoft.NET.Native.Framework.1.3\1.3\ARM\ret\Native\SharedLibrary.dll' != '')。"
"Message",Low,"已完成在项目“Unnamed_1”中生成目标“CopyNativeExecutablesToOutput”的操作。"
"Message",Low,"由于条件的计算结果为 false，已跳过目标“CopyExtractedResourcesToOutput”；(Exists('$(IntermediateResourcesPath)'))的计算结果为(Exists('C:\Users\User\documents\visual studio 2017\Projects\MyWP\MyWP\obj\ARM\Release\ilc\intermediate\Resources\'))。"
"Message",Low,"来自项目“C:\Users\User\documents\visual studio 2017\Projects\MyWP\MyWP\Unnamed_1”的文件“C:\Program Files (x86)\MSBuild\15.0\.Net\.NetNative\15.0.24211\ARM\ilc\IlcInternals.targets”中的目标“TransformAppxManifestAndAddCrt”(目标“Build”依赖于它):"
"Message",Low,"正在使用程序集“C:\Program Files (x86)\MSBuild\15.0\.Net\.NetNative\15.0.24211\ARM\ilc\ilc.exe”中的“TransformAppxManifestTask”任务。"
"Message",Low,"任务“TransformAppxManifestTask”"
"Message",Low,"已完成执行任务“TransformAppxManifestTask”的操作。"
"Message",Low,"任务“AddToNativePackageTask”"
"Message",Low,"已完成执行任务“AddToNativePackageTask”的操作。"
"Message",Low,"由于 false 条件，已跳过任务“AddToNativePackageTask”；($(AddCrt))计算为(false)。"
"Message",Low,"由于 false 条件，已跳过任务“AddToNativePackageTask”；($(AddWin8Adapters))计算为(false)。"
"Message",Low,"由于 false 条件，已跳过任务“AddToNativePackageTask”；($(AddWin8Adapters))计算为(false)。"
"Message",Low,"由于 false 条件，已跳过任务“AddToNativePackageTask”；($(AddWin8Adapters))计算为(false)。"
"Message",Low,"由于 false 条件，已跳过任务“AddToNativePackageTask”；($(AddWin8Adapters))计算为(false)。"
"Message",Low,"由于 false 条件，已跳过任务“AddToNativePackageTask”；($(AddWin8Adapters))计算为(false)。"
"Message",Low,"由于 false 条件，已跳过任务“AddToNativePackageTask”；($(AddWin8Adapters))计算为(false)。"
"Message",Low,"由于 false 条件，已跳过任务“AddToNativePackageTask”；($(AddWin8Adapters))计算为(false)。"
"Message",Low,"已完成在项目“Unnamed_1”中生成目标“TransformAppxManifestAndAddCrt”的操作。"
"Message",Low,"由于条件的计算结果为 false，已跳过目标“MergeFrameworkReswFilesWithTheAppPriFile”；('@(AppResources)' != '' And '$(UseResKeysInsteadOfResStrings)' != 'true')的计算结果为('C:\Users\User\documents\visual studio 2017\Projects\MyWP\MyWP\obj\ARM\Release\ilc\in\resources.pri' != '' And 'true' != 'true')。"
"Message",Low,"来自项目“C:\Users\User\documents\visual studio 2017\Projects\MyWP\MyWP\Unnamed_1”的文件“C:\Program Files (x86)\MSBuild\15.0\.Net\.NetNative\15.0.24211\ARM\ilc\IlcInternals.targets”中的目标“CopyPackageResourceFileInRetailBuild”(目标“Build”依赖于它):"
"Message",Low,"任务“AddToNativePackageTask”"
"Message",Low,"已完成执行任务“AddToNativePackageTask”的操作。"
"Message",Low,"已完成在项目“Unnamed_1”中生成目标“CopyPackageResourceFileInRetailBuild”的操作。"
"Message",Low,"来自项目“C:\Users\User\documents\visual studio 2017\Projects\MyWP\MyWP\Unnamed_1”的文件“C:\Program Files (x86)\MSBuild\15.0\.Net\.NetNative\15.0.24211\ARM\ilc\IlcInternals.targets”中的目标“Build”(入口点):"
"Message",Low,"已完成在项目“Unnamed_1”中生成目标“Build”的操作。"
"Message",Low,"已完成生成项目“Unnamed_1”的操作。"
"Message",Low,"已成功生成。"
